example_id,base_scenario_id,family,condition_id,probability,logit
final_art_studio_easel_000__F00,final_art_studio_easel_000,art_studio_easel,F00,0.05914744,-2.766753
final_art_studio_easel_000__F01,final_art_studio_easel_000,art_studio_easel,F01,0.84879854,1.725209
final_art_studio_easel_000__F10,final_art_studio_easel_000,art_studio_easel,F10,0.99118201,4.722105
final_art_studio_easel_000__F11,final_art_studio_easel_000,art_studio_easel,F11,0.96557824,3.334038
final_art_studio_easel_001__F00,final_art_studio_easel_001,art_studio_easel,F00,0.01373386,-4.274062
final_art_studio_easel_001__F01,final_art_studio_easel_001,art_studio_easel,F01,0.69720102,0.834005
final_art_studio_easel_001__F10,final_art_studio_easel_001,art_studio_easel,F10,0.98417318,4.130096
final_art_studio_easel_001__F11,final_art_studio_easel_001,art_studio_easel,F11,0.98518627,4.197276
final_art_studio_easel_002__F00,final_art_studio_easel_002,art_studio_easel,F00,0.03127866,-3.433041
final_art_studio_easel_002__F01,final_art_studio_easel_002,art_studio_easel,F01,0.72313043,0.960043
final_art_studio_easel_002__F10,final_art_studio_easel_002,art_studio_easel,F10,0.99018115,4.613584
final_art_studio_easel_002__F11,final_art_studio_easel_002,art_studio_easel,F11,0.97825333,3.806308
final_art_studio_easel_003__F00,final_art_studio_easel_003,art_studio_easel,F00,0.03847188,-3.218596
final_art_studio_easel_003__F01,final_art_studio_easel_003,art_studio_easel,F01,0.77377816,1.229769
final_art_studio_easel_003__F10,final_art_studio_easel_003,art_studio_easel,F10,0.99006876,4.602090
final_art_studio_easel_003__F11,final_art_studio_easel_003,art_studio_easel,F11,0.99407598,5.122798
final_art_studio_easel_004__F00,final_art_studio_easel_004,art_studio_easel,F00,0.00668461,-5.001240
final_art_studio_easel_004__F01,final_art_studio_easel_004,art_studio_easel,F01,0.43213493,-0.273146
final_art_studio_easel_004__F10,final_art_studio_easel_004,art_studio_easel,F10,0.94332847,2.812143
final_art_studio_easel_004__F11,final_art_studio_easel_004,art_studio_easel,F11,0.92863965,2.565978
final_art_studio_easel_005__F00,final_art_studio_easel_005,art_studio_easel,F00,0.19630387,-1.409557
final_art_studio_easel_005__F01,final_art_studio_easel_005,art_studio_easel,F01,0.92248545,2.476606
final_art_studio_easel_005__F10,final_art_studio_easel_005,art_studio_easel,F10,0.99592372,5.498486
final_art_studio_easel_005__F11,final_art_studio_easel_005,art_studio_easel,F11,0.99074163,4.672925
final_art_studio_easel_006__F00,final_art_studio_easel_006,art_studio_easel,F00,0.01721291,-4.044733
final_art_studio_easel_006__F01,final_art_studio_easel_006,art_studio_easel,F01,0.71815819,0.935344
final_art_studio_easel_006__F10,final_art_studio_easel_006,art_studio_easel,F10,0.97761921,3.776917
final_art_studio_easel_006__F11,final_art_studio_easel_006,art_studio_easel,F11,0.96053338,3.192034
final_art_studio_easel_007__F00,final_art_studio_easel_007,art_studio_easel,F00,0.04669187,-3.016368
final_art_studio_easel_007__F01,final_art_studio_easel_007,art_studio_easel,F01,0.86216174,1.833362
final_art_studio_easel_007__F10,final_art_studio_easel_007,art_studio_easel,F10,0.99045172,4.641800
final_art_studio_easel_007__F11,final_art_studio_easel_007,art_studio_easel,F11,0.98921143,4.518421
final_art_studio_easel_008__F00,final_art_studio_easel_008,art_studio_easel,F00,0.01507603,-4.179459
final_art_studio_easel_008__F01,final_art_studio_easel_008,art_studio_easel,F01,0.59496258,0.384519
final_art_studio_easel_008__F10,final_art_studio_easel_008,art_studio_easel,F10,0.97999639,3.891636
final_art_studio_easel_008__F11,final_art_studio_easel_008,art_studio_easel,F11,0.96927992,3.451637
final_art_studio_easel_009__F00,final_art_studio_easel_009,art_studio_easel,F00,0.02944034,-3.495507
final_art_studio_easel_009__F01,final_art_studio_easel_009,art_studio_easel,F01,0.77027058,1.209840
final_art_studio_easel_009__F10,final_art_studio_easel_009,art_studio_easel,F10,0.98768598,4.384627
final_art_studio_easel_009__F11,final_art_studio_easel_009,art_studio_easel,F11,0.98575106,4.236721
final_art_studio_easel_010__F00,final_art_studio_easel_010,art_studio_easel,F00,0.01043816,-4.551794
final_art_studio_easel_010__F01,final_art_studio_easel_010,art_studio_easel,F01,0.55887269,0.236588
final_art_studio_easel_010__F10,final_art_studio_easel_010,art_studio_easel,F10,0.97861477,3.823438
final_art_studio_easel_010__F11,final_art_studio_easel_010,art_studio_easel,F11,0.98101000,3.944670
final_art_studio_easel_011__F00,final_art_studio_easel_011,art_studio_easel,F00,0.02008626,-3.887428
final_art_studio_easel_011__F01,final_art_studio_easel_011,art_studio_easel,F01,0.71412366,0.915497
final_art_studio_easel_011__F10,final_art_studio_easel_011,art_studio_easel,F10,0.98422498,4.133427
final_art_studio_easel_011__F11,final_art_studio_easel_011,art_studio_easel,F11,0.97839003,3.812754
final_art_studio_easel_012__F00,final_art_studio_easel_012,art_studio_easel,F00,0.02251970,-3.770588
final_art_studio_easel_012__F01,final_art_studio_easel_012,art_studio_easel,F01,0.73938441,1.042771
final_art_studio_easel_012__F10,final_art_studio_easel_012,art_studio_easel,F10,0.99581081,5.471051
final_art_studio_easel_012__F11,final_art_studio_easel_012,art_studio_easel,F11,0.99354590,5.036564
final_art_studio_easel_013__F00,final_art_studio_easel_013,art_studio_easel,F00,0.03800152,-3.231387
final_art_studio_easel_013__F01,final_art_studio_easel_013,art_studio_easel,F01,0.65509609,0.641516
final_art_studio_easel_013__F10,final_art_studio_easel_013,art_studio_easel,F10,0.98881093,4.481566
final_art_studio_easel_013__F11,final_art_studio_easel_013,art_studio_easel,F11,0.98140948,3.966338
final_art_studio_easel_014__F00,final_art_studio_easel_014,art_studio_easel,F00,0.01472655,-4.203267
final_art_studio_easel_014__F01,final_art_studio_easel_014,art_studio_easel,F01,0.71470072,0.918325
final_art_studio_easel_014__F10,final_art_studio_easel_014,art_studio_easel,F10,0.99113965,4.717269
final_art_studio_easel_014__F11,final_art_studio_easel_014,art_studio_easel,F11,0.98879914,4.480501
final_art_studio_easel_015__F00,final_art_studio_easel_015,art_studio_easel,F00,0.02031041,-3.876102
final_art_studio_easel_015__F01,final_art_studio_easel_015,art_studio_easel,F01,0.44372104,-0.226074
final_art_studio_easel_015__F10,final_art_studio_easel_015,art_studio_easel,F10,0.95277474,3.004450
final_art_studio_easel_015__F11,final_art_studio_easel_015,art_studio_easel,F11,0.92443581,2.504201
final_art_studio_easel_016__F00,final_art_studio_easel_016,art_studio_easel,F00,0.01261293,-4.360339
final_art_studio_easel_016__F01,final_art_studio_easel_016,art_studio_easel,F01,0.76866685,1.200799
final_art_studio_easel_016__F10,final_art_studio_easel_016,art_studio_easel,F10,0.99492053,5.277457
final_art_studio_easel_016__F11,final_art_studio_easel_016,art_studio_easel,F11,0.98959854,4.555353
final_art_studio_easel_017__F00,final_art_studio_easel_017,art_studio_easel,F00,0.05290534,-2.884895
final_art_studio_easel_017__F01,final_art_studio_easel_017,art_studio_easel,F01,0.69596071,0.828136
final_art_studio_easel_017__F10,final_art_studio_easel_017,art_studio_easel,F10,0.98856484,4.459561
final_art_studio_easel_017__F11,final_art_studio_easel_017,art_studio_easel,F11,0.98246802,4.026041
final_art_studio_easel_018__F00,final_art_studio_easel_018,art_studio_easel,F00,0.02648203,-3.604450
final_art_studio_easel_018__F01,final_art_studio_easel_018,art_studio_easel,F01,0.75958891,1.150427
final_art_studio_easel_018__F10,final_art_studio_easel_018,art_studio_easel,F10,0.98273965,4.041932
final_art_studio_easel_018__F11,final_art_studio_easel_018,art_studio_easel,F11,0.98367879,4.098834
final_art_studio_easel_019__F00,final_art_studio_easel_019,art_studio_easel,F00,0.23941401,-1.155895
final_art_studio_easel_019__F01,final_art_studio_easel_019,art_studio_easel,F01,0.96095362,3.203176
final_art_studio_easel_019__F10,final_art_studio_easel_019,art_studio_easel,F10,0.99807764,6.252278
final_art_studio_easel_019__F11,final_art_studio_easel_019,art_studio_easel,F11,0.99660984,5.683483
final_art_studio_easel_020__F00,final_art_studio_easel_020,art_studio_easel,F00,0.01507603,-4.179459
final_art_studio_easel_020__F01,final_art_studio_easel_020,art_studio_easel,F01,0.56764432,0.272246
final_art_studio_easel_020__F10,final_art_studio_easel_020,art_studio_easel,F10,0.98574902,4.236576
final_art_studio_easel_020__F11,final_art_studio_easel_020,art_studio_easel,F11,0.97886938,3.835675
final_art_studio_easel_021__F00,final_art_studio_easel_021,art_studio_easel,F00,0.02029903,-3.876674
final_art_studio_easel_021__F01,final_art_studio_easel_021,art_studio_easel,F01,0.69855226,0.840413
final_art_studio_easel_021__F10,final_art_studio_easel_021,art_studio_easel,F10,0.98349429,4.087405
final_art_studio_easel_021__F11,final_art_studio_easel_021,art_studio_easel,F11,0.98400077,4.119086
final_art_studio_easel_022__F00,final_art_studio_easel_022,art_studio_easel,F00,0.00864001,-4.742674
final_art_studio_easel_022__F01,final_art_studio_easel_022,art_studio_easel,F01,0.60745818,0.436640
final_art_studio_easel_022__F10,final_art_studio_easel_022,art_studio_easel,F10,0.95356560,3.022168
final_art_studio_easel_022__F11,final_art_studio_easel_022,art_studio_easel,F11,0.94973648,2.938905
final_art_studio_easel_023__F00,final_art_studio_easel_023,art_studio_easel,F00,0.04992228,-2.946076
final_art_studio_easel_023__F01,final_art_studio_easel_023,art_studio_easel,F01,0.72210834,0.954944
final_art_studio_easel_023__F10,final_art_studio_easel_023,art_studio_easel,F10,0.98750370,4.369747
final_art_studio_easel_023__F11,final_art_studio_easel_023,art_studio_easel,F11,0.98465429,4.161454
final_art_studio_easel_024__F00,final_art_studio_easel_024,art_studio_easel,F00,0.03292699,-3.379981
final_art_studio_easel_024__F01,final_art_studio_easel_024,art_studio_easel,F01,0.84860209,1.723679
final_art_studio_easel_024__F10,final_art_studio_easel_024,art_studio_easel,F10,0.99314398,4.975749
final_art_studio_easel_024__F11,final_art_studio_easel_024,art_studio_easel,F11,0.99384507,5.084328
final_art_studio_easel_025__F00,final_art_studio_easel_025,art_studio_easel,F00,0.07922265,-2.452956
final_art_studio_easel_025__F01,final_art_studio_easel_025,art_studio_easel,F01,0.87324926,1.929999
final_art_studio_easel_025__F10,final_art_studio_easel_025,art_studio_easel,F10,0.99761115,6.034550
final_art_studio_easel_025__F11,final_art_studio_easel_025,art_studio_easel,F11,0.99403003,5.115026
final_art_studio_easel_026__F00,final_art_studio_easel_026,art_studio_easel,F00,0.01262356,-4.359487
final_art_studio_easel_026__F01,final_art_studio_easel_026,art_studio_easel,F01,0.41672935,-0.336214
final_art_studio_easel_026__F10,final_art_studio_easel_026,art_studio_easel,F10,0.97529512,3.675739
final_art_studio_easel_026__F11,final_art_studio_easel_026,art_studio_easel,F11,0.97460920,3.647650
final_art_studio_easel_027__F00,final_art_studio_easel_027,art_studio_easel,F00,0.06543332,-2.659051
final_art_studio_easel_027__F01,final_art_studio_easel_027,art_studio_easel,F01,0.81991098,1.515745
final_art_studio_easel_027__F10,final_art_studio_easel_027,art_studio_easel,F10,0.99326228,4.993274
final_art_studio_easel_027__F11,final_art_studio_easel_027,art_studio_easel,F11,0.98138529,3.965013
final_art_studio_easel_028__F00,final_art_studio_easel_028,art_studio_easel,F00,0.02114506,-3.834977
final_art_studio_easel_028__F01,final_art_studio_easel_028,art_studio_easel,F01,0.64410297,0.593217
final_art_studio_easel_028__F10,final_art_studio_easel_028,art_studio_easel,F10,0.98572756,4.235050
final_art_studio_easel_028__F11,final_art_studio_easel_028,art_studio_easel,F11,0.95249910,2.998340
final_art_studio_easel_029__F00,final_art_studio_easel_029,art_studio_easel,F00,0.05290534,-2.884895
final_art_studio_easel_029__F01,final_art_studio_easel_029,art_studio_easel,F01,0.86804318,1.883767
final_art_studio_easel_029__F10,final_art_studio_easel_029,art_studio_easel,F10,0.99741317,5.954732
final_art_studio_easel_029__F11,final_art_studio_easel_029,art_studio_easel,F11,0.99320790,4.985179
final_art_studio_easel_030__F00,final_art_studio_easel_030,art_studio_easel,F00,0.01668658,-4.076323
final_art_studio_easel_030__F01,final_art_studio_easel_030,art_studio_easel,F01,0.73915267,1.041569
final_art_studio_easel_030__F10,final_art_studio_easel_030,art_studio_easel,F10,0.99257794,4.895849
final_art_studio_easel_030__F11,final_art_studio_easel_030,art_studio_easel,F11,0.98929961,4.526717
final_art_studio_easel_031__F00,final_art_studio_easel_031,art_studio_easel,F00,0.07349645,-2.534181
final_art_studio_easel_031__F01,final_art_studio_easel_031,art_studio_easel,F01,0.76384903,1.173899
final_art_studio_easel_031__F10,final_art_studio_easel_031,art_studio_easel,F10,0.98705080,4.333688
final_art_studio_easel_031__F11,final_art_studio_easel_031,art_studio_easel,F11,0.96777215,3.402166
final_art_studio_easel_032__F00,final_art_studio_easel_032,art_studio_easel,F00,0.03709304,-3.256527
final_art_studio_easel_032__F01,final_art_studio_easel_032,art_studio_easel,F01,0.69606531,0.828631
final_art_studio_easel_032__F10,final_art_studio_easel_032,art_studio_easel,F10,0.98462923,4.159798
final_art_studio_easel_032__F11,final_art_studio_easel_032,art_studio_easel,F11,0.95408796,3.034028
final_art_studio_easel_033__F00,final_art_studio_easel_033,art_studio_easel,F00,0.02764982,-3.560097
final_art_studio_easel_033__F01,final_art_studio_easel_033,art_studio_easel,F01,0.66699101,0.694607
final_art_studio_easel_033__F10,final_art_studio_easel_033,art_studio_easel,F10,0.97517609,3.670811
final_art_studio_easel_033__F11,final_art_studio_easel_033,art_studio_easel,F11,0.97447310,3.642164
final_art_studio_easel_034__F00,final_art_studio_easel_034,art_studio_easel,F00,0.01043816,-4.551794
final_art_studio_easel_034__F01,final_art_studio_easel_034,art_studio_easel,F01,0.63879286,0.570129
final_art_studio_easel_034__F10,final_art_studio_easel_034,art_studio_easel,F10,0.97376704,3.614155
final_art_studio_easel_034__F11,final_art_studio_easel_034,art_studio_easel,F11,0.97172396,3.537057
final_art_studio_easel_035__F00,final_art_studio_easel_035,art_studio_easel,F00,0.02752446,-3.564770
final_art_studio_easel_035__F01,final_art_studio_easel_035,art_studio_easel,F01,0.77575501,1.241098
final_art_studio_easel_035__F10,final_art_studio_easel_035,art_studio_easel,F10,0.98403520,4.121275
final_art_studio_easel_035__F11,final_art_studio_easel_035,art_studio_easel,F11,0.97559623,3.688311
final_art_studio_easel_036__F00,final_art_studio_easel_036,art_studio_easel,F00,0.01160587,-4.444571
final_art_studio_easel_036__F01,final_art_studio_easel_036,art_studio_easel,F01,0.80679140,1.429295
final_art_studio_easel_036__F10,final_art_studio_easel_036,art_studio_easel,F10,0.99072413,4.671019
final_art_studio_easel_036__F11,final_art_studio_easel_036,art_studio_easel,F11,0.98731835,4.354837
final_art_studio_easel_037__F00,final_art_studio_easel_037,art_studio_easel,F00,0.07922265,-2.452956
final_art_studio_easel_037__F01,final_art_studio_easel_037,art_studio_easel,F01,0.86474157,1.855243
final_art_studio_easel_037__F10,final_art_studio_easel_037,art_studio_easel,F10,0.99354428,5.036312
final_art_studio_easel_037__F11,final_art_studio_easel_037,art_studio_easel,F11,0.98695251,4.326026
final_art_studio_easel_038__F00,final_art_studio_easel_038,art_studio_easel,F00,0.01857032,-3.967446
final_art_studio_easel_038__F01,final_art_studio_easel_038,art_studio_easel,F01,0.64365920,0.591282
final_art_studio_easel_038__F10,final_art_studio_easel_038,art_studio_easel,F10,0.99041446,4.637868
final_art_studio_easel_038__F11,final_art_studio_easel_038,art_studio_easel,F11,0.97874972,3.829906
final_art_studio_easel_039__F00,final_art_studio_easel_039,art_studio_easel,F00,0.01742992,-4.031983
final_art_studio_easel_039__F01,final_art_studio_easel_039,art_studio_easel,F01,0.71556652,0.922575
final_art_studio_easel_039__F10,final_art_studio_easel_039,art_studio_easel,F10,0.98751262,4.370471
final_art_studio_easel_039__F11,final_art_studio_easel_039,art_studio_easel,F11,0.97302186,3.585379
final_art_studio_easel_040__F00,final_art_studio_easel_040,art_studio_easel,F00,0.02114506,-3.834977
final_art_studio_easel_040__F01,final_art_studio_easel_040,art_studio_easel,F01,0.66748840,0.696847
final_art_studio_easel_040__F10,final_art_studio_easel_040,art_studio_easel,F10,0.98598434,4.253465
final_art_studio_easel_040__F11,final_art_studio_easel_040,art_studio_easel,F11,0.96751368,3.393911
final_art_studio_easel_041__F00,final_art_studio_easel_041,art_studio_easel,F00,0.08337225,-2.397386
final_art_studio_easel_041__F01,final_art_studio_easel_041,art_studio_easel,F01,0.85370550,1.763965
final_art_studio_easel_041__F10,final_art_studio_easel_041,art_studio_easel,F10,0.99393862,5.099739
final_art_studio_easel_041__F11,final_art_studio_easel_041,art_studio_easel,F11,0.98998169,4.593272
final_art_studio_easel_042__F00,final_art_studio_easel_042,art_studio_easel,F00,0.01668658,-4.076323
final_art_studio_easel_042__F01,final_art_studio_easel_042,art_studio_easel,F01,0.76797888,1.196934
final_art_studio_easel_042__F10,final_art_studio_easel_042,art_studio_easel,F10,0.99337585,5.010388
final_art_studio_easel_042__F11,final_art_studio_easel_042,art_studio_easel,F11,0.98596494,4.252062
final_art_studio_easel_043__F00,final_art_studio_easel_043,art_studio_easel,F00,0.04669187,-3.016368
final_art_studio_easel_043__F01,final_art_studio_easel_043,art_studio_easel,F01,0.57464787,0.300840
final_art_studio_easel_043__F10,final_art_studio_easel_043,art_studio_easel,F10,0.96786039,3.404999
final_art_studio_easel_043__F11,final_art_studio_easel_043,art_studio_easel,F11,0.89094652,2.100446
final_art_studio_easel_044__F00,final_art_studio_easel_044,art_studio_easel,F00,0.06480466,-2.669378
final_art_studio_easel_044__F01,final_art_studio_easel_044,art_studio_easel,F01,0.85667668,1.787958
final_art_studio_easel_044__F10,final_art_studio_easel_044,art_studio_easel,F10,0.98502896,4.186553
final_art_studio_easel_044__F11,final_art_studio_easel_044,art_studio_easel,F11,0.95690712,3.100349
final_art_studio_easel_045__F00,final_art_studio_easel_045,art_studio_easel,F00,0.02029903,-3.876674
final_art_studio_easel_045__F01,final_art_studio_easel_045,art_studio_easel,F01,0.74373155,1.065455
final_art_studio_easel_045__F10,final_art_studio_easel_045,art_studio_easel,F10,0.98218039,4.009476
final_art_studio_easel_045__F11,final_art_studio_easel_045,art_studio_easel,F11,0.98688938,4.321135
final_art_studio_easel_046__F00,final_art_studio_easel_046,art_studio_easel,F00,0.00499549,-5.294212
final_art_studio_easel_046__F01,final_art_studio_easel_046,art_studio_easel,F01,0.44545225,-0.219063
final_art_studio_easel_046__F10,final_art_studio_easel_046,art_studio_easel,F10,0.96847887,3.425069
final_art_studio_easel_046__F11,final_art_studio_easel_046,art_studio_easel,F11,0.93718910,2.702757
final_art_studio_easel_047__F00,final_art_studio_easel_047,art_studio_easel,F00,0.02752446,-3.564770
final_art_studio_easel_047__F01,final_art_studio_easel_047,art_studio_easel,F01,0.79734795,1.369801
final_art_studio_easel_047__F10,final_art_studio_easel_047,art_studio_easel,F10,0.99019650,4.615164
final_art_studio_easel_047__F11,final_art_studio_easel_047,art_studio_easel,F11,0.96927834,3.451584
final_art_studio_easel_048__F00,final_art_studio_easel_048,art_studio_easel,F00,0.05914744,-2.766753
final_art_studio_easel_048__F01,final_art_studio_easel_048,art_studio_easel,F01,0.85939914,1.810308
final_art_studio_easel_048__F10,final_art_studio_easel_048,art_studio_easel,F10,0.99175519,4.789892
final_art_studio_easel_048__F11,final_art_studio_easel_048,art_studio_easel,F11,0.99139424,4.746680
final_art_studio_easel_049__F00,final_art_studio_easel_049,art_studio_easel,F00,0.07922265,-2.452956
final_art_studio_easel_049__F01,final_art_studio_easel_049,art_studio_easel,F01,0.92034515,2.447046
final_art_studio_easel_049__F10,final_art_studio_easel_049,art_studio_easel,F10,0.99615308,5.556628
final_art_studio_easel_049__F11,final_art_studio_easel_049,art_studio_easel,F11,0.99478165,5.250342
final_art_studio_easel_050__F00,final_art_studio_easel_050,art_studio_easel,F00,0.01031380,-4.563905
final_art_studio_easel_050__F01,final_art_studio_easel_050,art_studio_easel,F01,0.54663924,0.187101
final_art_studio_easel_050__F10,final_art_studio_easel_050,art_studio_easel,F10,0.94042942,2.759175
final_art_studio_easel_050__F11,final_art_studio_easel_050,art_studio_easel,F11,0.91103365,2.326322
final_art_studio_easel_051__F00,final_art_studio_easel_051,art_studio_easel,F00,0.02031041,-3.876102
final_art_studio_easel_051__F01,final_art_studio_easel_051,art_studio_easel,F01,0.71766692,0.932918
final_art_studio_easel_051__F10,final_art_studio_easel_051,art_studio_easel,F10,0.96631809,3.356532
final_art_studio_easel_051__F11,final_art_studio_easel_051,art_studio_easel,F11,0.96252876,3.245990
final_art_studio_easel_052__F00,final_art_studio_easel_052,art_studio_easel,F00,0.02114506,-3.834977
final_art_studio_easel_052__F01,final_art_studio_easel_052,art_studio_easel,F01,0.81808463,1.503424
final_art_studio_easel_052__F10,final_art_studio_easel_052,art_studio_easel,F10,0.99225724,4.853224
final_art_studio_easel_052__F11,final_art_studio_easel_052,art_studio_easel,F11,0.99200529,4.820949
final_art_studio_easel_053__F00,final_art_studio_easel_053,art_studio_easel,F00,0.19630387,-1.409557
final_art_studio_easel_053__F01,final_art_studio_easel_053,art_studio_easel,F01,0.95210765,2.989722
final_art_studio_easel_053__F10,final_art_studio_easel_053,art_studio_easel,F10,0.99817201,6.302708
final_art_studio_easel_053__F11,final_art_studio_easel_053,art_studio_easel,F11,0.99467337,5.229695
final_art_studio_easel_054__F00,final_art_studio_easel_054,art_studio_easel,F00,0.01668658,-4.076323
final_art_studio_easel_054__F01,final_art_studio_easel_054,art_studio_easel,F01,0.76737133,1.193527
final_art_studio_easel_054__F10,final_art_studio_easel_054,art_studio_easel,F10,0.99503535,5.300435
final_art_studio_easel_054__F11,final_art_studio_easel_054,art_studio_easel,F11,0.98998174,4.593278
final_art_studio_easel_055__F00,final_art_studio_easel_055,art_studio_easel,F00,0.04765883,-2.994855
final_art_studio_easel_055__F01,final_art_studio_easel_055,art_studio_easel,F01,0.68618301,0.782334
final_art_studio_easel_055__F10,final_art_studio_easel_055,art_studio_easel,F10,0.98605902,4.258884
final_art_studio_easel_055__F11,final_art_studio_easel_055,art_studio_easel,F11,0.94610849,2.865384
final_art_studio_easel_056__F00,final_art_studio_easel_056,art_studio_easel,F00,0.02896382,-3.512316
final_art_studio_easel_056__F01,final_art_studio_easel_056,art_studio_easel,F01,0.75066160,1.102144
final_art_studio_easel_056__F10,final_art_studio_easel_056,art_studio_easel,F10,0.98728369,4.352072
final_art_studio_easel_056__F11,final_art_studio_easel_056,art_studio_easel,F11,0.98648383,4.290260
final_art_studio_easel_057__F00,final_art_studio_easel_057,art_studio_easel,F00,0.01365546,-4.279867
final_art_studio_easel_057__F01,final_art_studio_easel_057,art_studio_easel,F01,0.47045820,-0.118305
final_art_studio_easel_057__F10,final_art_studio_easel_057,art_studio_easel,F10,0.98981158,4.576263
final_art_studio_easel_057__F11,final_art_studio_easel_057,art_studio_easel,F11,0.94347268,2.814843
final_art_studio_easel_058__F00,final_art_studio_easel_058,art_studio_easel,F00,0.00499549,-5.294212
final_art_studio_easel_058__F01,final_art_studio_easel_058,art_studio_easel,F01,0.40395588,-0.389009
final_art_studio_easel_058__F10,final_art_studio_easel_058,art_studio_easel,F10,0.96442538,3.299900
final_art_studio_easel_058__F11,final_art_studio_easel_058,art_studio_easel,F11,0.86459415,1.853984
final_art_studio_easel_059__F00,final_art_studio_easel_059,art_studio_easel,F00,0.01484280,-4.195286
final_art_studio_easel_059__F01,final_art_studio_easel_059,art_studio_easel,F01,0.69744857,0.835178
final_art_studio_easel_059__F10,final_art_studio_easel_059,art_studio_easel,F10,0.99522656,5.339904
final_art_studio_easel_059__F11,final_art_studio_easel_059,art_studio_easel,F11,0.98034102,3.909366
final_art_studio_easel_060__F00,final_art_studio_easel_060,art_studio_easel,F00,0.04138341,-3.142611
final_art_studio_easel_060__F01,final_art_studio_easel_060,art_studio_easel,F01,0.75367462,1.118307
final_art_studio_easel_060__F10,final_art_studio_easel_060,art_studio_easel,F10,0.99428894,5.159623
final_art_studio_easel_060__F11,final_art_studio_easel_060,art_studio_easel,F11,0.98426010,4.135691
final_art_studio_easel_061__F00,final_art_studio_easel_061,art_studio_easel,F00,0.03328806,-3.368702
final_art_studio_easel_061__F01,final_art_studio_easel_061,art_studio_easel,F01,0.65511183,0.641586
final_art_studio_easel_061__F10,final_art_studio_easel_061,art_studio_easel,F10,0.99234716,4.864996
final_art_studio_easel_061__F11,final_art_studio_easel_061,art_studio_easel,F11,0.98031364,3.907947
final_art_studio_easel_062__F00,final_art_studio_easel_062,art_studio_easel,F00,0.01262356,-4.359487
final_art_studio_easel_062__F01,final_art_studio_easel_062,art_studio_easel,F01,0.41238890,-0.354098
final_art_studio_easel_062__F10,final_art_studio_easel_062,art_studio_easel,F10,0.95670362,3.095425
final_art_studio_easel_062__F11,final_art_studio_easel_062,art_studio_easel,F11,0.93533001,2.671602
final_art_studio_easel_063__F00,final_art_studio_easel_063,art_studio_easel,F00,0.02949071,-3.493746
final_art_studio_easel_063__F01,final_art_studio_easel_063,art_studio_easel,F01,0.72058461,0.947363
final_art_studio_easel_063__F10,final_art_studio_easel_063,art_studio_easel,F10,0.99063763,4.661650
final_art_studio_easel_063__F11,final_art_studio_easel_063,art_studio_easel,F11,0.96913088,3.446643
final_art_studio_easel_064__F00,final_art_studio_easel_064,art_studio_easel,F00,0.02506883,-3.660742
final_art_studio_easel_064__F01,final_art_studio_easel_064,art_studio_easel,F01,0.54868235,0.195348
final_art_studio_easel_064__F10,final_art_studio_easel_064,art_studio_easel,F10,0.95218140,2.991341
final_art_studio_easel_064__F11,final_art_studio_easel_064,art_studio_easel,F11,0.97623163,3.715344
final_art_studio_easel_065__F00,final_art_studio_easel_065,art_studio_easel,F00,0.08337225,-2.397386
final_art_studio_easel_065__F01,final_art_studio_easel_065,art_studio_easel,F01,0.89105690,2.101583
final_art_studio_easel_065__F10,final_art_studio_easel_065,art_studio_easel,F10,0.99688583,5.768675
final_art_studio_easel_065__F11,final_art_studio_easel_065,art_studio_easel,F11,0.98746873,4.366918
final_art_studio_easel_066__F00,final_art_studio_easel_066,art_studio_easel,F00,0.04279094,-3.107695
final_art_studio_easel_066__F01,final_art_studio_easel_066,art_studio_easel,F01,0.81022597,1.451479
final_art_studio_easel_066__F10,final_art_studio_easel_066,art_studio_easel,F10,0.99267675,4.909352
final_art_studio_easel_066__F11,final_art_studio_easel_066,art_studio_easel,F11,0.98617540,4.267385
final_art_studio_easel_067__F00,final_art_studio_easel_067,art_studio_easel,F00,0.04633821,-3.024342
final_art_studio_easel_067__F01,final_art_studio_easel_067,art_studio_easel,F01,0.90094595,2.207780
final_art_studio_easel_067__F10,final_art_studio_easel_067,art_studio_easel,F10,0.99213701,4.837694
final_art_studio_easel_067__F11,final_art_studio_easel_067,art_studio_easel,F11,0.98909323,4.507405
final_art_studio_easel_068__F00,final_art_studio_easel_068,art_studio_easel,F00,0.01507603,-4.179459
final_art_studio_easel_068__F01,final_art_studio_easel_068,art_studio_easel,F01,0.70764922,0.883994
final_art_studio_easel_068__F10,final_art_studio_easel_068,art_studio_easel,F10,0.98274899,4.042483
final_art_studio_easel_068__F11,final_art_studio_easel_068,art_studio_easel,F11,0.97857728,3.821648
final_art_studio_easel_069__F00,final_art_studio_easel_069,art_studio_easel,F00,0.02764982,-3.560097
final_art_studio_easel_069__F01,final_art_studio_easel_069,art_studio_easel,F01,0.80280023,1.403889
final_art_studio_easel_069__F10,final_art_studio_easel_069,art_studio_easel,F10,0.99080467,4.679822
final_art_studio_easel_069__F11,final_art_studio_easel_069,art_studio_easel,F11,0.98179899,3.987909
final_art_studio_easel_070__F00,final_art_studio_easel_070,art_studio_easel,F00,0.01045630,-4.550040
final_art_studio_easel_070__F01,final_art_studio_easel_070,art_studio_easel,F01,0.47797211,-0.088169
final_art_studio_easel_070__F10,final_art_studio_easel_070,art_studio_easel,F10,0.97295318,3.582767
final_art_studio_easel_070__F11,final_art_studio_easel_070,art_studio_easel,F11,0.97215200,3.552751
final_art_studio_easel_071__F00,final_art_studio_easel_071,art_studio_easel,F00,0.04992228,-2.946076
final_art_studio_easel_071__F01,final_art_studio_easel_071,art_studio_easel,F01,0.70332671,0.863190
final_art_studio_easel_071__F10,final_art_studio_easel_071,art_studio_easel,F10,0.99346584,5.024156
final_art_studio_easel_071__F11,final_art_studio_easel_071,art_studio_easel,F11,0.98726242,4.350379
final_art_studio_easel_072__F00,final_art_studio_easel_072,art_studio_easel,F00,0.05914744,-2.766753
final_art_studio_easel_072__F01,final_art_studio_easel_072,art_studio_easel,F01,0.79302026,1.343228
final_art_studio_easel_072__F10,final_art_studio_easel_072,art_studio_easel,F10,0.99104764,4.706845
final_art_studio_easel_072__F11,final_art_studio_easel_072,art_studio_easel,F11,0.97206498,3.549542
final_art_studio_easel_073__F00,final_art_studio_easel_073,art_studio_easel,F00,0.02451674,-3.683577
final_art_studio_easel_073__F01,final_art_studio_easel_073,art_studio_easel,F01,0.68399093,0.772174
final_art_studio_easel_073__F10,final_art_studio_easel_073,art_studio_easel,F10,0.98749732,4.369231
final_art_studio_easel_073__F11,final_art_studio_easel_073,art_studio_easel,F11,0.98527835,4.203605
final_art_studio_easel_074__F00,final_art_studio_easel_074,art_studio_easel,F00,0.01472655,-4.203267
final_art_studio_easel_074__F01,final_art_studio_easel_074,art_studio_easel,F01,0.64721708,0.606829
final_art_studio_easel_074__F10,final_art_studio_easel_074,art_studio_easel,F10,0.95702571,3.103228
final_art_studio_easel_074__F11,final_art_studio_easel_074,art_studio_easel,F11,0.88767265,2.067186
final_art_studio_easel_075__F00,final_art_studio_easel_075,art_studio_easel,F00,0.19124441,-1.441945
final_art_studio_easel_075__F01,final_art_studio_easel_075,art_studio_easel,F01,0.71660202,0.927668
final_art_studio_easel_075__F10,final_art_studio_easel_075,art_studio_easel,F10,0.96624887,3.354408
final_art_studio_easel_075__F11,final_art_studio_easel_075,art_studio_easel,F11,0.92733348,2.546432
final_art_studio_easel_076__F00,final_art_studio_easel_076,art_studio_easel,F00,0.01282099,-4.343768
final_art_studio_easel_076__F01,final_art_studio_easel_076,art_studio_easel,F01,0.49836694,-0.006532
final_art_studio_easel_076__F10,final_art_studio_easel_076,art_studio_easel,F10,0.91544786,2.382045
final_art_studio_easel_076__F11,final_art_studio_easel_076,art_studio_easel,F11,0.93210799,2.619530
final_art_studio_easel_077__F00,final_art_studio_easel_077,art_studio_easel,F00,0.04462099,-3.063904
final_art_studio_easel_077__F01,final_art_studio_easel_077,art_studio_easel,F01,0.83768067,1.641071
final_art_studio_easel_077__F10,final_art_studio_easel_077,art_studio_easel,F10,0.98811093,4.420175
final_art_studio_easel_077__F11,final_art_studio_easel_077,art_studio_easel,F11,0.97963172,3.873198
final_art_studio_easel_078__F00,final_art_studio_easel_078,art_studio_easel,F00,0.01806436,-3.995585
final_art_studio_easel_078__F01,final_art_studio_easel_078,art_studio_easel,F01,0.70902804,0.890668
final_art_studio_easel_078__F10,final_art_studio_easel_078,art_studio_easel,F10,0.98085855,3.936572
final_art_studio_easel_078__F11,final_art_studio_easel_078,art_studio_easel,F11,0.97679335,3.739836
final_art_studio_easel_079__F00,final_art_studio_easel_079,art_studio_easel,F00,0.04669187,-3.016368
final_art_studio_easel_079__F01,final_art_studio_easel_079,art_studio_easel,F01,0.88905531,2.081128
final_art_studio_easel_079__F10,final_art_studio_easel_079,art_studio_easel,F10,0.99520005,5.334338
final_art_studio_easel_079__F11,final_art_studio_easel_079,art_studio_easel,F11,0.98787014,4.399881
final_art_studio_easel_080__F00,final_art_studio_easel_080,art_studio_easel,F00,0.03725231,-3.252078
final_art_studio_easel_080__F01,final_art_studio_easel_080,art_studio_easel,F01,0.84925162,1.728743
final_art_studio_easel_080__F10,final_art_studio_easel_080,art_studio_easel,F10,0.99402026,5.113380
final_art_studio_easel_080__F11,final_art_studio_easel_080,art_studio_easel,F11,0.98855828,4.458981
final_art_studio_easel_081__F00,final_art_studio_easel_081,art_studio_easel,F00,0.03595117,-3.288980
final_art_studio_easel_081__F01,final_art_studio_easel_081,art_studio_easel,F01,0.77583352,1.241549
final_art_studio_easel_081__F10,final_art_studio_easel_081,art_studio_easel,F10,0.99076713,4.675710
final_art_studio_easel_081__F11,final_art_studio_easel_081,art_studio_easel,F11,0.98990567,4.585635
final_art_studio_easel_082__F00,final_art_studio_easel_082,art_studio_easel,F00,0.01043816,-4.551794
final_art_studio_easel_082__F01,final_art_studio_easel_082,art_studio_easel,F01,0.62427880,0.507750
final_art_studio_easel_082__F10,final_art_studio_easel_082,art_studio_easel,F10,0.98577888,4.238704
final_art_studio_easel_082__F11,final_art_studio_easel_082,art_studio_easel,F11,0.97225808,3.556677
final_art_studio_easel_083__F00,final_art_studio_easel_083,art_studio_easel,F00,0.01925368,-3.930612
final_art_studio_easel_083__F01,final_art_studio_easel_083,art_studio_easel,F01,0.71472296,0.918434
final_art_studio_easel_083__F10,final_art_studio_easel_083,art_studio_easel,F10,0.97765416,3.778516
final_art_studio_easel_083__F11,final_art_studio_easel_083,art_studio_easel,F11,0.98525157,4.201760
final_art_studio_easel_084__F00,final_art_studio_easel_084,art_studio_easel,F00,0.03425756,-3.338990
final_art_studio_easel_084__F01,final_art_studio_easel_084,art_studio_easel,F01,0.85075292,1.740519
final_art_studio_easel_084__F10,final_art_studio_easel_084,art_studio_easel,F10,0.98533112,4.207249
final_art_studio_easel_084__F11,final_art_studio_easel_084,art_studio_easel,F11,0.98780232,4.394237
final_art_studio_easel_085__F00,final_art_studio_easel_085,art_studio_easel,F00,0.07922265,-2.452956
final_art_studio_easel_085__F01,final_art_studio_easel_085,art_studio_easel,F01,0.93899515,2.733857
final_art_studio_easel_085__F10,final_art_studio_easel_085,art_studio_easel,F10,0.99760052,6.030101
final_art_studio_easel_085__F11,final_art_studio_easel_085,art_studio_easel,F11,0.99200305,4.820666
final_art_studio_easel_086__F00,final_art_studio_easel_086,art_studio_easel,F00,0.01472655,-4.203267
final_art_studio_easel_086__F01,final_art_studio_easel_086,art_studio_easel,F01,0.73146313,1.002059
final_art_studio_easel_086__F10,final_art_studio_easel_086,art_studio_easel,F10,0.99535061,5.366358
final_art_studio_easel_086__F11,final_art_studio_easel_086,art_studio_easel,F11,0.98988288,4.583358
final_art_studio_easel_087__F00,final_art_studio_easel_087,art_studio_easel,F00,0.02512391,-3.658490
final_art_studio_easel_087__F01,final_art_studio_easel_087,art_studio_easel,F01,0.41394748,-0.347670
final_art_studio_easel_087__F10,final_art_studio_easel_087,art_studio_easel,F10,0.96898488,3.441774
final_art_studio_easel_087__F11,final_art_studio_easel_087,art_studio_easel,F11,0.86431758,1.851623
final_art_studio_easel_088__F00,final_art_studio_easel_088,art_studio_easel,F00,0.01354931,-4.287778
final_art_studio_easel_088__F01,final_art_studio_easel_088,art_studio_easel,F01,0.59287831,0.375877
final_art_studio_easel_088__F10,final_art_studio_easel_088,art_studio_easel,F10,0.98052833,3.919131
final_art_studio_easel_088__F11,final_art_studio_easel_088,art_studio_easel,F11,0.97982325,3.882841
final_art_studio_easel_089__F00,final_art_studio_easel_089,art_studio_easel,F00,0.19630387,-1.409557
final_art_studio_easel_089__F01,final_art_studio_easel_089,art_studio_easel,F01,0.96354717,3.274602
final_art_studio_easel_089__F10,final_art_studio_easel_089,art_studio_easel,F10,0.99857952,6.555338
final_art_studio_easel_089__F11,final_art_studio_easel_089,art_studio_easel,F11,0.99574423,5.455216
final_art_studio_easel_090__F00,final_art_studio_easel_090,art_studio_easel,F00,0.04649632,-3.020770
final_art_studio_easel_090__F01,final_art_studio_easel_090,art_studio_easel,F01,0.81284162,1.468581
final_art_studio_easel_090__F10,final_art_studio_easel_090,art_studio_easel,F10,0.98861388,4.463909
final_art_studio_easel_090__F11,final_art_studio_easel_090,art_studio_easel,F11,0.97737496,3.765813
final_art_studio_easel_091__F00,final_art_studio_easel_091,art_studio_easel,F00,0.03829704,-3.223333
final_art_studio_easel_091__F01,final_art_studio_easel_091,art_studio_easel,F01,0.85020149,1.736182
final_art_studio_easel_091__F10,final_art_studio_easel_091,art_studio_easel,F10,0.99255818,4.893170
final_art_studio_easel_091__F11,final_art_studio_easel_091,art_studio_easel,F11,0.99239584,4.871427
final_art_studio_easel_092__F00,final_art_studio_easel_092,art_studio_easel,F00,0.06480466,-2.669378
final_art_studio_easel_092__F01,final_art_studio_easel_092,art_studio_easel,F01,0.90927358,2.304797
final_art_studio_easel_092__F10,final_art_studio_easel_092,art_studio_easel,F10,0.99412990,5.131997
final_art_studio_easel_092__F11,final_art_studio_easel_092,art_studio_easel,F11,0.98718073,4.343904
final_art_studio_easel_093__F00,final_art_studio_easel_093,art_studio_easel,F00,0.02944034,-3.495507
final_art_studio_easel_093__F01,final_art_studio_easel_093,art_studio_easel,F01,0.88559055,2.046471
final_art_studio_easel_093__F10,final_art_studio_easel_093,art_studio_easel,F10,0.99168879,4.781804
final_art_studio_easel_093__F11,final_art_studio_easel_093,art_studio_easel,F11,0.99162967,4.774657
final_art_studio_easel_094__F00,final_art_studio_easel_094,art_studio_easel,F00,0.00761030,-4.870613
final_art_studio_easel_094__F01,final_art_studio_easel_094,art_studio_easel,F01,0.38858418,-0.453267
final_art_studio_easel_094__F10,final_art_studio_easel_094,art_studio_easel,F10,0.92227170,2.473620
final_art_studio_easel_094__F11,final_art_studio_easel_094,art_studio_easel,F11,0.92550573,2.519618
final_art_studio_easel_095__F00,final_art_studio_easel_095,art_studio_easel,F00,0.21728841,-1.281539
final_art_studio_easel_095__F01,final_art_studio_easel_095,art_studio_easel,F01,0.93267401,2.628509
final_art_studio_easel_095__F10,final_art_studio_easel_095,art_studio_easel,F10,0.99417782,5.140242
final_art_studio_easel_095__F11,final_art_studio_easel_095,art_studio_easel,F11,0.98677748,4.312523
final_art_studio_easel_096__F00,final_art_studio_easel_096,art_studio_easel,F00,0.03425756,-3.338990
final_art_studio_easel_096__F01,final_art_studio_easel_096,art_studio_easel,F01,0.79144598,1.333664
final_art_studio_easel_096__F10,final_art_studio_easel_096,art_studio_easel,F10,0.98007922,3.895870
final_art_studio_easel_096__F11,final_art_studio_easel_096,art_studio_easel,F11,0.97971398,3.877329
final_art_studio_easel_097__F00,final_art_studio_easel_097,art_studio_easel,F00,0.02451674,-3.683577
final_art_studio_easel_097__F01,final_art_studio_easel_097,art_studio_easel,F01,0.67285092,0.721108
final_art_studio_easel_097__F10,final_art_studio_easel_097,art_studio_easel,F10,0.98500608,4.185003
final_art_studio_easel_097__F11,final_art_studio_easel_097,art_studio_easel,F11,0.97435378,3.637378
final_art_studio_easel_098__F00,final_art_studio_easel_098,art_studio_easel,F00,0.01262356,-4.359487
final_art_studio_easel_098__F01,final_art_studio_easel_098,art_studio_easel,F01,0.42130699,-0.317410
final_art_studio_easel_098__F10,final_art_studio_easel_098,art_studio_easel,F10,0.96968547,3.465345
final_art_studio_easel_098__F11,final_art_studio_easel_098,art_studio_easel,F11,0.96017936,3.182735
final_art_studio_easel_099__F00,final_art_studio_easel_099,art_studio_easel,F00,0.03847188,-3.218596
final_art_studio_easel_099__F01,final_art_studio_easel_099,art_studio_easel,F01,0.61694981,0.476622
final_art_studio_easel_099__F10,final_art_studio_easel_099,art_studio_easel,F10,0.98599635,4.254335
final_art_studio_easel_099__F11,final_art_studio_easel_099,art_studio_easel,F11,0.98056806,3.921214
final_art_studio_easel_100__F00,final_art_studio_easel_100,art_studio_easel,F00,0.02114506,-3.834977
final_art_studio_easel_100__F01,final_art_studio_easel_100,art_studio_easel,F01,0.65968277,0.661881
final_art_studio_easel_100__F10,final_art_studio_easel_100,art_studio_easel,F10,0.97775739,3.783252
final_art_studio_easel_100__F11,final_art_studio_easel_100,art_studio_easel,F11,0.96214071,3.235284
final_art_studio_easel_101__F00,final_art_studio_easel_101,art_studio_easel,F00,0.03728710,-3.251108
final_art_studio_easel_101__F01,final_art_studio_easel_101,art_studio_easel,F01,0.80078949,1.391236
final_art_studio_easel_101__F10,final_art_studio_easel_101,art_studio_easel,F10,0.99289280,4.939515
final_art_studio_easel_101__F11,final_art_studio_easel_101,art_studio_easel,F11,0.98405565,4.122578
final_art_studio_easel_102__F00,final_art_studio_easel_102,art_studio_easel,F00,0.01668658,-4.076323
final_art_studio_easel_102__F01,final_art_studio_easel_102,art_studio_easel,F01,0.71103171,0.900400
final_art_studio_easel_102__F10,final_art_studio_easel_102,art_studio_easel,F10,0.99410811,5.128270
final_art_studio_easel_102__F11,final_art_studio_easel_102,art_studio_easel,F11,0.98898918,4.497805
final_art_studio_easel_103__F00,final_art_studio_easel_103,art_studio_easel,F00,0.06477369,-2.669889
final_art_studio_easel_103__F01,final_art_studio_easel_103,art_studio_easel,F01,0.84817451,1.720355
final_art_studio_easel_103__F10,final_art_studio_easel_103,art_studio_easel,F10,0.99467155,5.229353
final_art_studio_easel_103__F11,final_art_studio_easel_103,art_studio_easel,F11,0.98415963,4.129226
final_art_studio_easel_104__F00,final_art_studio_easel_104,art_studio_easel,F00,0.02896382,-3.512316
final_art_studio_easel_104__F01,final_art_studio_easel_104,art_studio_easel,F01,0.82589843,1.556833
final_art_studio_easel_104__F10,final_art_studio_easel_104,art_studio_easel,F10,0.99503720,5.300811
final_art_studio_easel_104__F11,final_art_studio_easel_104,art_studio_easel,F11,0.99144645,4.752819
final_art_studio_easel_105__F00,final_art_studio_easel_105,art_studio_easel,F00,0.03595117,-3.288980
final_art_studio_easel_105__F01,final_art_studio_easel_105,art_studio_easel,F01,0.57551420,0.304385
final_art_studio_easel_105__F10,final_art_studio_easel_105,art_studio_easel,F10,0.95620073,3.083351
final_art_studio_easel_105__F11,final_art_studio_easel_105,art_studio_easel,F11,0.91262375,2.346100
final_art_studio_easel_106__F00,final_art_studio_easel_106,art_studio_easel,F00,0.00969559,-4.626341
final_art_studio_easel_106__F01,final_art_studio_easel_106,art_studio_easel,F01,0.68475374,0.775705
final_art_studio_easel_106__F10,final_art_studio_easel_106,art_studio_easel,F10,0.99212094,4.835637
final_art_studio_easel_106__F11,final_art_studio_easel_106,art_studio_easel,F11,0.98563869,4.228752
final_art_studio_easel_107__F00,final_art_studio_easel_107,art_studio_easel,F00,0.04400070,-3.078552
final_art_studio_easel_107__F01,final_art_studio_easel_107,art_studio_easel,F01,0.63084910,0.535861
final_art_studio_easel_107__F10,final_art_studio_easel_107,art_studio_easel,F10,0.98579210,4.239648
final_art_studio_easel_107__F11,final_art_studio_easel_107,art_studio_easel,F11,0.96775335,3.401563
final_art_studio_easel_108__F00,final_art_studio_easel_108,art_studio_easel,F00,0.02843546,-3.531271
final_art_studio_easel_108__F01,final_art_studio_easel_108,art_studio_easel,F01,0.82754883,1.568354
final_art_studio_easel_108__F10,final_art_studio_easel_108,art_studio_easel,F10,0.98971624,4.566852
final_art_studio_easel_108__F11,final_art_studio_easel_108,art_studio_easel,F11,0.97822925,3.805177
final_art_studio_easel_109__F00,final_art_studio_easel_109,art_studio_easel,F00,0.07922265,-2.452956
final_art_studio_easel_109__F01,final_art_studio_easel_109,art_studio_easel,F01,0.90479499,2.251676
final_art_studio_easel_109__F10,final_art_studio_easel_109,art_studio_easel,F10,0.99512915,5.319603
final_art_studio_easel_109__F11,final_art_studio_easel_109,art_studio_easel,F11,0.99531561,5.358825
final_art_studio_easel_110__F00,final_art_studio_easel_110,art_studio_easel,F00,0.01262356,-4.359487
final_art_studio_easel_110__F01,final_art_studio_easel_110,art_studio_easel,F01,0.46668322,-0.133465
final_art_studio_easel_110__F10,final_art_studio_easel_110,art_studio_easel,F10,0.95807797,3.129118
final_art_studio_easel_110__F11,final_art_studio_easel_110,art_studio_easel,F11,0.93611235,2.684609
final_art_studio_easel_111__F00,final_art_studio_easel_111,art_studio_easel,F00,0.02512391,-3.658490
final_art_studio_easel_111__F01,final_art_studio_easel_111,art_studio_easel,F01,0.63917641,0.571791
final_art_studio_easel_111__F10,final_art_studio_easel_111,art_studio_easel,F10,0.98916362,4.513951
final_art_studio_easel_111__F11,final_art_studio_easel_111,art_studio_easel,F11,0.98057727,3.921698
final_art_studio_easel_112__F00,final_art_studio_easel_112,art_studio_easel,F00,0.01354931,-4.287778
final_art_studio_easel_112__F01,final_art_studio_easel_112,art_studio_easel,F01,0.59925851,0.402377
final_art_studio_easel_112__F10,final_art_studio_easel_112,art_studio_easel,F10,0.96818259,3.415407
final_art_studio_easel_112__F11,final_art_studio_easel_112,art_studio_easel,F11,0.94644095,2.871924
final_art_studio_easel_113__F00,final_art_studio_easel_113,art_studio_easel,F00,0.04462099,-3.063904
final_art_studio_easel_113__F01,final_art_studio_easel_113,art_studio_easel,F01,0.80652205,1.427568
final_art_studio_easel_113__F10,final_art_studio_easel_113,art_studio_easel,F10,0.99420543,5.145022
final_art_studio_easel_113__F11,final_art_studio_easel_113,art_studio_easel,F11,0.99334787,5.006144
final_art_studio_easel_114__F00,final_art_studio_easel_114,art_studio_easel,F00,0.04279094,-3.107695
final_art_studio_easel_114__F01,final_art_studio_easel_114,art_studio_easel,F01,0.88869641,2.077494
final_art_studio_easel_114__F10,final_art_studio_easel_114,art_studio_easel,F10,0.99308236,4.966739
final_art_studio_easel_114__F11,final_art_studio_easel_114,art_studio_easel,F11,0.99292956,4.944737
final_art_studio_easel_115__F00,final_art_studio_easel_115,art_studio_easel,F00,0.23941401,-1.155895
final_art_studio_easel_115__F01,final_art_studio_easel_115,art_studio_easel,F01,0.94848292,2.912950
final_art_studio_easel_115__F10,final_art_studio_easel_115,art_studio_easel,F10,0.99794188,6.183904
final_art_studio_easel_115__F11,final_art_studio_easel_115,art_studio_easel,F11,0.99463273,5.222054
final_art_studio_easel_116__F00,final_art_studio_easel_116,art_studio_easel,F00,0.01507603,-4.179459
final_art_studio_easel_116__F01,final_art_studio_easel_116,art_studio_easel,F01,0.58236475,0.332489
final_art_studio_easel_116__F10,final_art_studio_easel_116,art_studio_easel,F10,0.98829097,4.435617
final_art_studio_easel_116__F11,final_art_studio_easel_116,art_studio_easel,F11,0.97481782,3.656114
final_art_studio_easel_117__F00,final_art_studio_easel_117,art_studio_easel,F00,0.06593913,-2.650810
final_art_studio_easel_117__F01,final_art_studio_easel_117,art_studio_easel,F01,0.84402280,1.688470
final_art_studio_easel_117__F10,final_art_studio_easel_117,art_studio_easel,F10,0.99442493,5.183860
final_art_studio_easel_117__F11,final_art_studio_easel_117,art_studio_easel,F11,0.98925171,4.522202
final_art_studio_easel_118__F00,final_art_studio_easel_118,art_studio_easel,F00,0.01043816,-4.551794
final_art_studio_easel_118__F01,final_art_studio_easel_118,art_studio_easel,F01,0.55802512,0.233151
final_art_studio_easel_118__F10,final_art_studio_easel_118,art_studio_easel,F10,0.97024626,3.484595
final_art_studio_easel_118__F11,final_art_studio_easel_118,art_studio_easel,F11,0.93922650,2.737903
final_art_studio_easel_119__F00,final_art_studio_easel_119,art_studio_easel,F00,0.04400070,-3.078552
final_art_studio_easel_119__F01,final_art_studio_easel_119,art_studio_easel,F01,0.78330734,1.285045
final_art_studio_easel_119__F10,final_art_studio_easel_119,art_studio_easel,F10,0.99273622,4.917564
final_art_studio_easel_119__F11,final_art_studio_easel_119,art_studio_easel,F11,0.98616168,4.266379
final_bakery_oven_deck_000__F00,final_bakery_oven_deck_000,bakery_oven_deck,F00,0.11213819,-2.069084
final_bakery_oven_deck_000__F01,final_bakery_oven_deck_000,bakery_oven_deck,F01,0.95364936,3.024061
final_bakery_oven_deck_000__F10,final_bakery_oven_deck_000,bakery_oven_deck,F10,0.99675900,5.728626
final_bakery_oven_deck_000__F11,final_bakery_oven_deck_000,bakery_oven_deck,F11,0.99699187,5.803423
final_bakery_oven_deck_001__F00,final_bakery_oven_deck_001,bakery_oven_deck,F00,0.10059800,-2.190598
final_bakery_oven_deck_001__F01,final_bakery_oven_deck_001,bakery_oven_deck,F01,0.88508521,2.041493
final_bakery_oven_deck_001__F10,final_bakery_oven_deck_001,bakery_oven_deck,F10,0.98921309,4.518577
final_bakery_oven_deck_001__F11,final_bakery_oven_deck_001,bakery_oven_deck,F11,0.98572552,4.234905
final_bakery_oven_deck_002__F00,final_bakery_oven_deck_002,bakery_oven_deck,F00,0.33756455,-0.674166
final_bakery_oven_deck_002__F01,final_bakery_oven_deck_002,bakery_oven_deck,F01,0.97869242,3.827154
final_bakery_oven_deck_002__F10,final_bakery_oven_deck_002,bakery_oven_deck,F10,0.99795470,6.190165
final_bakery_oven_deck_002__F11,final_bakery_oven_deck_002,bakery_oven_deck,F11,0.99739615,5.948156
final_bakery_oven_deck_003__F00,final_bakery_oven_deck_003,bakery_oven_deck,F00,0.65375038,0.635566
final_bakery_oven_deck_003__F01,final_bakery_oven_deck_003,bakery_oven_deck,F01,0.98106387,3.947566
final_bakery_oven_deck_003__F10,final_bakery_oven_deck_003,bakery_oven_deck,F10,0.99874765,6.681483
final_bakery_oven_deck_003__F11,final_bakery_oven_deck_003,bakery_oven_deck,F11,0.99698948,5.802628
final_bakery_oven_deck_004__F00,final_bakery_oven_deck_004,bakery_oven_deck,F00,0.29531225,-0.869722
final_bakery_oven_deck_004__F01,final_bakery_oven_deck_004,bakery_oven_deck,F01,0.96549477,3.331530
final_bakery_oven_deck_004__F10,final_bakery_oven_deck_004,bakery_oven_deck,F10,0.99718806,5.871065
final_bakery_oven_deck_004__F11,final_bakery_oven_deck_004,bakery_oven_deck,F11,0.99734024,5.926857
final_bakery_oven_deck_005__F00,final_bakery_oven_deck_005,bakery_oven_deck,F00,0.12292473,-1.965021
final_bakery_oven_deck_005__F01,final_bakery_oven_deck_005,bakery_oven_deck,F01,0.95934466,3.161120
final_bakery_oven_deck_005__F10,final_bakery_oven_deck_005,bakery_oven_deck,F10,0.99325461,4.992127
final_bakery_oven_deck_005__F11,final_bakery_oven_deck_005,bakery_oven_deck,F11,0.98947599,4.543516
final_bakery_oven_deck_006__F00,final_bakery_oven_deck_006,bakery_oven_deck,F00,0.25171934,-1.089463
final_bakery_oven_deck_006__F01,final_bakery_oven_deck_006,bakery_oven_deck,F01,0.98585672,4.244272
final_bakery_oven_deck_006__F10,final_bakery_oven_deck_006,bakery_oven_deck,F10,0.99821541,6.326780
final_bakery_oven_deck_006__F11,final_bakery_oven_deck_006,bakery_oven_deck,F11,0.99634942,5.609211
final_bakery_oven_deck_007__F00,final_bakery_oven_deck_007,bakery_oven_deck,F00,0.44857802,-0.206418
final_bakery_oven_deck_007__F01,final_bakery_oven_deck_007,bakery_oven_deck,F01,0.98892583,4.492004
final_bakery_oven_deck_007__F10,final_bakery_oven_deck_007,bakery_oven_deck,F10,0.99860145,6.570920
final_bakery_oven_deck_007__F11,final_bakery_oven_deck_007,bakery_oven_deck,F11,0.99768875,6.067652
final_bakery_oven_deck_008__F00,final_bakery_oven_deck_008,bakery_oven_deck,F00,0.47419672,-0.103305
final_bakery_oven_deck_008__F01,final_bakery_oven_deck_008,bakery_oven_deck,F01,0.98670389,4.306899
final_bakery_oven_deck_008__F10,final_bakery_oven_deck_008,bakery_oven_deck,F10,0.99777529,6.105901
final_bakery_oven_deck_008__F11,final_bakery_oven_deck_008,bakery_oven_deck,F11,0.99622321,5.575097
final_bakery_oven_deck_009__F00,final_bakery_oven_deck_009,bakery_oven_deck,F00,0.21369300,-1.302807
final_bakery_oven_deck_009__F01,final_bakery_oven_deck_009,bakery_oven_deck,F01,0.97505349,3.665758
final_bakery_oven_deck_009__F10,final_bakery_oven_deck_009,bakery_oven_deck,F10,0.99678802,5.737650
final_bakery_oven_deck_009__F11,final_bakery_oven_deck_009,bakery_oven_deck,F11,0.99654890,5.665606
final_bakery_oven_deck_010__F00,final_bakery_oven_deck_010,bakery_oven_deck,F00,0.07886722,-2.457839
final_bakery_oven_deck_010__F01,final_bakery_oven_deck_010,bakery_oven_deck,F01,0.86293366,1.839873
final_bakery_oven_deck_010__F10,final_bakery_oven_deck_010,bakery_oven_deck,F10,0.98873768,4.474967
final_bakery_oven_deck_010__F11,final_bakery_oven_deck_010,bakery_oven_deck,F11,0.97818754,3.803220
final_bakery_oven_deck_011__F00,final_bakery_oven_deck_011,bakery_oven_deck,F00,0.13200092,-1.883382
final_bakery_oven_deck_011__F01,final_bakery_oven_deck_011,bakery_oven_deck,F01,0.89680472,2.162215
final_bakery_oven_deck_011__F10,final_bakery_oven_deck_011,bakery_oven_deck,F10,0.99049376,4.646255
final_bakery_oven_deck_011__F11,final_bakery_oven_deck_011,bakery_oven_deck,F11,0.98852670,4.456193
final_bakery_oven_deck_012__F00,final_bakery_oven_deck_012,bakery_oven_deck,F00,0.14183878,-1.800101
final_bakery_oven_deck_012__F01,final_bakery_oven_deck_012,bakery_oven_deck,F01,0.91129683,2.329573
final_bakery_oven_deck_012__F10,final_bakery_oven_deck_012,bakery_oven_deck,F10,0.99659141,5.678043
final_bakery_oven_deck_012__F11,final_bakery_oven_deck_012,bakery_oven_deck,F11,0.99057400,4.654813
final_bakery_oven_deck_013__F00,final_bakery_oven_deck_013,bakery_oven_deck,F00,0.06578980,-2.653237
final_bakery_oven_deck_013__F01,final_bakery_oven_deck_013,bakery_oven_deck,F01,0.89466718,2.139327
final_bakery_oven_deck_013__F10,final_bakery_oven_deck_013,bakery_oven_deck,F10,0.98939095,4.535382
final_bakery_oven_deck_013__F11,final_bakery_oven_deck_013,bakery_oven_deck,F11,0.98827707,4.434416
final_bakery_oven_deck_014__F00,final_bakery_oven_deck_014,bakery_oven_deck,F00,0.24581866,-1.121039
final_bakery_oven_deck_014__F01,final_bakery_oven_deck_014,bakery_oven_deck,F01,0.95861534,3.142580
final_bakery_oven_deck_014__F10,final_bakery_oven_deck_014,bakery_oven_deck,F10,0.99590595,5.494118
final_bakery_oven_deck_014__F11,final_bakery_oven_deck_014,bakery_oven_deck,F11,0.99195527,4.814660
final_bakery_oven_deck_015__F00,final_bakery_oven_deck_015,bakery_oven_deck,F00,0.72844432,0.986744
final_bakery_oven_deck_015__F01,final_bakery_oven_deck_015,bakery_oven_deck,F01,0.99460713,5.217270
final_bakery_oven_deck_015__F10,final_bakery_oven_deck_015,bakery_oven_deck,F10,0.99935613,7.347363
final_bakery_oven_deck_015__F11,final_bakery_oven_deck_015,bakery_oven_deck,F11,0.99821825,6.328375
final_bakery_oven_deck_016__F00,final_bakery_oven_deck_016,bakery_oven_deck,F00,0.20539527,-1.352909
final_bakery_oven_deck_016__F01,final_bakery_oven_deck_016,bakery_oven_deck,F01,0.95928663,3.159633
final_bakery_oven_deck_016__F10,final_bakery_oven_deck_016,bakery_oven_deck,F10,0.99728093,5.904744
final_bakery_oven_deck_016__F11,final_bakery_oven_deck_016,bakery_oven_deck,F11,0.99618951,5.566180
final_bakery_oven_deck_017__F00,final_bakery_oven_deck_017,bakery_oven_deck,F00,0.32034100,-0.752205
final_bakery_oven_deck_017__F01,final_bakery_oven_deck_017,bakery_oven_deck,F01,0.98095771,3.941867
final_bakery_oven_deck_017__F10,final_bakery_oven_deck_017,bakery_oven_deck,F10,0.99829480,6.372368
final_bakery_oven_deck_017__F11,final_bakery_oven_deck_017,bakery_oven_deck,F11,0.99661603,5.685317
final_bakery_oven_deck_018__F00,final_bakery_oven_deck_018,bakery_oven_deck,F00,0.30104173,-0.842342
final_bakery_oven_deck_018__F01,final_bakery_oven_deck_018,bakery_oven_deck,F01,0.99387111,5.088594
final_bakery_oven_deck_018__F10,final_bakery_oven_deck_018,bakery_oven_deck,F10,0.99902212,6.929149
final_bakery_oven_deck_018__F11,final_bakery_oven_deck_018,bakery_oven_deck,F11,0.99860553,6.573847
final_bakery_oven_deck_019__F00,final_bakery_oven_deck_019,bakery_oven_deck,F00,0.73216255,1.005622
final_bakery_oven_deck_019__F01,final_bakery_oven_deck_019,bakery_oven_deck,F01,0.99840050,6.436466
final_bakery_oven_deck_019__F10,final_bakery_oven_deck_019,bakery_oven_deck,F10,0.99983492,8.708936
final_bakery_oven_deck_019__F11,final_bakery_oven_deck_019,bakery_oven_deck,F11,0.99965243,7.964207
final_bakery_oven_deck_020__F00,final_bakery_oven_deck_020,bakery_oven_deck,F00,0.36571173,-0.550658
final_bakery_oven_deck_020__F01,final_bakery_oven_deck_020,bakery_oven_deck,F01,0.99127109,4.732348
final_bakery_oven_deck_020__F10,final_bakery_oven_deck_020,bakery_oven_deck,F10,0.99848301,6.489512
final_bakery_oven_deck_020__F11,final_bakery_oven_deck_020,bakery_oven_deck,F11,0.99856479,6.545006
final_bakery_oven_deck_021__F00,final_bakery_oven_deck_021,bakery_oven_deck,F00,0.31247185,-0.788588
final_bakery_oven_deck_021__F01,final_bakery_oven_deck_021,bakery_oven_deck,F01,0.97838054,3.812305
final_bakery_oven_deck_021__F10,final_bakery_oven_deck_021,bakery_oven_deck,F10,0.99785792,6.143835
final_bakery_oven_deck_021__F11,final_bakery_oven_deck_021,bakery_oven_deck,F11,0.99690786,5.775794
final_bakery_oven_deck_022__F00,final_bakery_oven_deck_022,bakery_oven_deck,F00,0.11954549,-1.996741
final_bakery_oven_deck_022__F01,final_bakery_oven_deck_022,bakery_oven_deck,F01,0.94356547,2.816585
final_bakery_oven_deck_022__F10,final_bakery_oven_deck_022,bakery_oven_deck,F10,0.99354089,5.035784
final_bakery_oven_deck_022__F11,final_bakery_oven_deck_022,bakery_oven_deck,F11,0.99019452,4.614960
final_bakery_oven_deck_023__F00,final_bakery_oven_deck_023,bakery_oven_deck,F00,0.09122324,-2.298790
final_bakery_oven_deck_023__F01,final_bakery_oven_deck_023,bakery_oven_deck,F01,0.93022364,2.590130
final_bakery_oven_deck_023__F10,final_bakery_oven_deck_023,bakery_oven_deck,F10,0.99500629,5.294569
final_bakery_oven_deck_023__F11,final_bakery_oven_deck_023,bakery_oven_deck,F11,0.99339501,5.013303
final_bakery_oven_deck_024__F00,final_bakery_oven_deck_024,bakery_oven_deck,F00,0.13529643,-1.854919
final_bakery_oven_deck_024__F01,final_bakery_oven_deck_024,bakery_oven_deck,F01,0.94482369,2.840465
final_bakery_oven_deck_024__F10,final_bakery_oven_deck_024,bakery_oven_deck,F10,0.98970791,4.566035
final_bakery_oven_deck_024__F11,final_bakery_oven_deck_024,bakery_oven_deck,F11,0.99100653,4.702222
final_bakery_oven_deck_025__F00,final_bakery_oven_deck_025,bakery_oven_deck,F00,0.08672812,-2.354255
final_bakery_oven_deck_025__F01,final_bakery_oven_deck_025,bakery_oven_deck,F01,0.85449734,1.770319
final_bakery_oven_deck_025__F10,final_bakery_oven_deck_025,bakery_oven_deck,F10,0.99521622,5.337729
final_bakery_oven_deck_025__F11,final_bakery_oven_deck_025,bakery_oven_deck,F11,0.98886310,4.486292
final_bakery_oven_deck_026__F00,final_bakery_oven_deck_026,bakery_oven_deck,F00,0.33538573,-0.683926
final_bakery_oven_deck_026__F01,final_bakery_oven_deck_026,bakery_oven_deck,F01,0.98488537,4.176862
final_bakery_oven_deck_026__F10,final_bakery_oven_deck_026,bakery_oven_deck,F10,0.99829396,6.371871
final_bakery_oven_deck_026__F11,final_bakery_oven_deck_026,bakery_oven_deck,F11,0.99797555,6.200430
final_bakery_oven_deck_027__F00,final_bakery_oven_deck_027,bakery_oven_deck,F00,0.44171480,-0.234206
final_bakery_oven_deck_027__F01,final_bakery_oven_deck_027,bakery_oven_deck,F01,0.99214672,4.838940
final_bakery_oven_deck_027__F10,final_bakery_oven_deck_027,bakery_oven_deck,F10,0.99933715,7.318303
final_bakery_oven_deck_027__F11,final_bakery_oven_deck_027,bakery_oven_deck,F11,0.99924641,7.189909
final_bakery_oven_deck_028__F00,final_bakery_oven_deck_028,bakery_oven_deck,F00,0.29531225,-0.869722
final_bakery_oven_deck_028__F01,final_bakery_oven_deck_028,bakery_oven_deck,F01,0.97395342,3.621477
final_bakery_oven_deck_028__F10,final_bakery_oven_deck_028,bakery_oven_deck,F10,0.99791635,6.171547
final_bakery_oven_deck_028__F11,final_bakery_oven_deck_028,bakery_oven_deck,F11,0.99744726,5.968031
final_bakery_oven_deck_029__F00,final_bakery_oven_deck_029,bakery_oven_deck,F00,0.15695902,-1.681031
final_bakery_oven_deck_029__F01,final_bakery_oven_deck_029,bakery_oven_deck,F01,0.93452870,2.658430
final_bakery_oven_deck_029__F10,final_bakery_oven_deck_029,bakery_oven_deck,F10,0.99472217,5.238948
final_bakery_oven_deck_029__F11,final_bakery_oven_deck_029,bakery_oven_deck,F11,0.99063511,4.661378
final_bakery_oven_deck_030__F00,final_bakery_oven_deck_030,bakery_oven_deck,F00,0.18020042,-1.514990
final_bakery_oven_deck_030__F01,final_bakery_oven_deck_030,bakery_oven_deck,F01,0.98476662,4.168915
final_bakery_oven_deck_030__F10,final_bakery_oven_deck_030,bakery_oven_deck,F10,0.99842123,6.449527
final_bakery_oven_deck_030__F11,final_bakery_oven_deck_030,bakery_oven_deck,F11,0.99745864,5.972513
final_bakery_oven_deck_031__F00,final_bakery_oven_deck_031,bakery_oven_deck,F00,0.44857802,-0.206418
final_bakery_oven_deck_031__F01,final_bakery_oven_deck_031,bakery_oven_deck,F01,0.98450625,4.151703
final_bakery_oven_deck_031__F10,final_bakery_oven_deck_031,bakery_oven_deck,F10,0.99854676,6.532504
final_bakery_oven_deck_031__F11,final_bakery_oven_deck_031,bakery_oven_deck,F11,0.99660602,5.682353
final_bakery_oven_deck_032__F00,final_bakery_oven_deck_032,bakery_oven_deck,F00,0.47419672,-0.103305
final_bakery_oven_deck_032__F01,final_bakery_oven_deck_032,bakery_oven_deck,F01,0.98519885,4.198138
final_bakery_oven_deck_032__F10,final_bakery_oven_deck_032,bakery_oven_deck,F10,0.99867212,6.622845
final_bakery_oven_deck_032__F11,final_bakery_oven_deck_032,bakery_oven_deck,F11,0.99808587,6.256574
final_bakery_oven_deck_033__F00,final_bakery_oven_deck_033,bakery_oven_deck,F00,0.10723976,-2.119251
final_bakery_oven_deck_033__F01,final_bakery_oven_deck_033,bakery_oven_deck,F01,0.95830400,3.134760
final_bakery_oven_deck_033__F10,final_bakery_oven_deck_033,bakery_oven_deck,F10,0.99752084,5.997354
final_bakery_oven_deck_033__F11,final_bakery_oven_deck_033,bakery_oven_deck,F11,0.99622587,5.575805
final_bakery_oven_deck_034__F00,final_bakery_oven_deck_034,bakery_oven_deck,F00,0.15366221,-1.706162
final_bakery_oven_deck_034__F01,final_bakery_oven_deck_034,bakery_oven_deck,F01,0.95142387,2.974828
final_bakery_oven_deck_034__F10,final_bakery_oven_deck_034,bakery_oven_deck,F10,0.99220952,4.847032
final_bakery_oven_deck_034__F11,final_bakery_oven_deck_034,bakery_oven_deck,F11,0.99547691,5.394027
final_bakery_oven_deck_035__F00,final_bakery_oven_deck_035,bakery_oven_deck,F00,0.12480684,-1.947677
final_bakery_oven_deck_035__F01,final_bakery_oven_deck_035,bakery_oven_deck,F01,0.94645588,2.872218
final_bakery_oven_deck_035__F10,final_bakery_oven_deck_035,bakery_oven_deck,F10,0.99710948,5.843425
final_bakery_oven_deck_035__F11,final_bakery_oven_deck_035,bakery_oven_deck,F11,0.99151075,4.760430
final_bakery_oven_deck_036__F00,final_bakery_oven_deck_036,bakery_oven_deck,F00,0.12458075,-1.949749
final_bakery_oven_deck_036__F01,final_bakery_oven_deck_036,bakery_oven_deck,F01,0.96190755,3.228902
final_bakery_oven_deck_036__F10,final_bakery_oven_deck_036,bakery_oven_deck,F10,0.99692417,5.781099
final_bakery_oven_deck_036__F11,final_bakery_oven_deck_036,bakery_oven_deck,F11,0.99732976,5.922915
final_bakery_oven_deck_037__F00,final_bakery_oven_deck_037,bakery_oven_deck,F00,0.18873792,-1.458232
final_bakery_oven_deck_037__F01,final_bakery_oven_deck_037,bakery_oven_deck,F01,0.98295533,4.054726
final_bakery_oven_deck_037__F10,final_bakery_oven_deck_037,bakery_oven_deck,F10,0.99708021,5.833321
final_bakery_oven_deck_037__F11,final_bakery_oven_deck_037,bakery_oven_deck,F11,0.99588736,5.489569
final_bakery_oven_deck_038__F00,final_bakery_oven_deck_038,bakery_oven_deck,F00,0.33756455,-0.674166
final_bakery_oven_deck_038__F01,final_bakery_oven_deck_038,bakery_oven_deck,F01,0.97055256,3.495259
final_bakery_oven_deck_038__F10,final_bakery_oven_deck_038,bakery_oven_deck,F10,0.99869364,6.639206
final_bakery_oven_deck_038__F11,final_bakery_oven_deck_038,bakery_oven_deck,F11,0.99660673,5.682561
final_bakery_oven_deck_039__F00,final_bakery_oven_deck_039,bakery_oven_deck,F00,0.56085173,0.244619
final_bakery_oven_deck_039__F01,final_bakery_oven_deck_039,bakery_oven_deck,F01,0.98957055,4.552638
final_bakery_oven_deck_039__F10,final_bakery_oven_deck_039,bakery_oven_deck,F10,0.99949082,7.582202
final_bakery_oven_deck_039__F11,final_bakery_oven_deck_039,bakery_oven_deck,F11,0.99840074,6.436614
final_bakery_oven_deck_040__F00,final_bakery_oven_deck_040,bakery_oven_deck,F00,0.51405193,0.056223
final_bakery_oven_deck_040__F01,final_bakery_oven_deck_040,bakery_oven_deck,F01,0.98959630,4.555135
final_bakery_oven_deck_040__F10,final_bakery_oven_deck_040,bakery_oven_deck,F10,0.99940240,7.421995
final_bakery_oven_deck_040__F11,final_bakery_oven_deck_040,bakery_oven_deck,F11,0.99639556,5.621977
final_bakery_oven_deck_041__F00,final_bakery_oven_deck_041,bakery_oven_deck,F00,0.08903014,-2.325535
final_bakery_oven_deck_041__F01,final_bakery_oven_deck_041,bakery_oven_deck,F01,0.75394848,1.119783
final_bakery_oven_deck_041__F10,final_bakery_oven_deck_041,bakery_oven_deck,F10,0.95465634,3.047081
final_bakery_oven_deck_041__F11,final_bakery_oven_deck_041,bakery_oven_deck,F11,0.95499742,3.054989
final_bakery_oven_deck_042__F00,final_bakery_oven_deck_042,bakery_oven_deck,F00,0.38718606,-0.459156
final_bakery_oven_deck_042__F01,final_bakery_oven_deck_042,bakery_oven_deck,F01,0.98771290,4.386842
final_bakery_oven_deck_042__F10,final_bakery_oven_deck_042,bakery_oven_deck,F10,0.99841541,6.445841
final_bakery_oven_deck_042__F11,final_bakery_oven_deck_042,bakery_oven_deck,F11,0.99823066,6.335380
final_bakery_oven_deck_043__F00,final_bakery_oven_deck_043,bakery_oven_deck,F00,0.47626383,-0.095016
final_bakery_oven_deck_043__F01,final_bakery_oven_deck_043,bakery_oven_deck,F01,0.99345807,5.022960
final_bakery_oven_deck_043__F10,final_bakery_oven_deck_043,bakery_oven_deck,F10,0.99933345,7.312724
final_bakery_oven_deck_043__F11,final_bakery_oven_deck_043,bakery_oven_deck,F11,0.99877733,6.705491
final_bakery_oven_deck_044__F00,final_bakery_oven_deck_044,bakery_oven_deck,F00,0.33121557,-0.702692
final_bakery_oven_deck_044__F01,final_bakery_oven_deck_044,bakery_oven_deck,F01,0.98195328,3.996580
final_bakery_oven_deck_044__F10,final_bakery_oven_deck_044,bakery_oven_deck,F10,0.99885062,6.767381
final_bakery_oven_deck_044__F11,final_bakery_oven_deck_044,bakery_oven_deck,F11,0.99842987,6.455028
final_bakery_oven_deck_045__F00,final_bakery_oven_deck_045,bakery_oven_deck,F00,0.23131012,-1.200928
final_bakery_oven_deck_045__F01,final_bakery_oven_deck_045,bakery_oven_deck,F01,0.97782080,3.786172
final_bakery_oven_deck_045__F10,final_bakery_oven_deck_045,bakery_oven_deck,F10,0.99835504,6.408391
final_bakery_oven_deck_045__F11,final_bakery_oven_deck_045,bakery_oven_deck,F11,0.99608467,5.538934
final_bakery_oven_deck_046__F00,final_bakery_oven_deck_046,bakery_oven_deck,F00,0.24667518,-1.116424
final_bakery_oven_deck_046__F01,final_bakery_oven_deck_046,bakery_oven_deck,F01,0.97990826,3.887150
final_bakery_oven_deck_046__F10,final_bakery_oven_deck_046,bakery_oven_deck,F10,0.99692614,5.781744
final_bakery_oven_deck_046__F11,final_bakery_oven_deck_046,bakery_oven_deck,F11,0.99449390,5.196377
final_bakery_oven_deck_047__F00,final_bakery_oven_deck_047,bakery_oven_deck,F00,0.12282169,-1.965977
final_bakery_oven_deck_047__F01,final_bakery_oven_deck_047,bakery_oven_deck,F01,0.91130751,2.329705
final_bakery_oven_deck_047__F10,final_bakery_oven_deck_047,bakery_oven_deck,F10,0.98353894,4.090159
final_bakery_oven_deck_047__F11,final_bakery_oven_deck_047,bakery_oven_deck,F11,0.96840776,3.422742
final_bakery_oven_deck_048__F00,final_bakery_oven_deck_048,bakery_oven_deck,F00,0.11213819,-2.069084
final_bakery_oven_deck_048__F01,final_bakery_oven_deck_048,bakery_oven_deck,F01,0.95965781,3.169179
final_bakery_oven_deck_048__F10,final_bakery_oven_deck_048,bakery_oven_deck,F10,0.99653137,5.660521
final_bakery_oven_deck_048__F11,final_bakery_oven_deck_048,bakery_oven_deck,F11,0.99468069,5.231078
final_bakery_oven_deck_049__F00,final_bakery_oven_deck_049,bakery_oven_deck,F00,0.08672812,-2.354255
final_bakery_oven_deck_049__F01,final_bakery_oven_deck_049,bakery_oven_deck,F01,0.90556130,2.260604
final_bakery_oven_deck_049__F10,final_bakery_oven_deck_049,bakery_oven_deck,F10,0.98606331,4.259195
final_bakery_oven_deck_049__F11,final_bakery_oven_deck_049,bakery_oven_deck,F11,0.98523232,4.200437
final_bakery_oven_deck_050__F00,final_bakery_oven_deck_050,bakery_oven_deck,F00,0.42726435,-0.293021
final_bakery_oven_deck_050__F01,final_bakery_oven_deck_050,bakery_oven_deck,F01,0.99618566,5.565166
final_bakery_oven_deck_050__F10,final_bakery_oven_deck_050,bakery_oven_deck,F10,0.99956092,7.730382
final_bakery_oven_deck_050__F11,final_bakery_oven_deck_050,bakery_oven_deck,F11,0.99881232,6.734565
final_bakery_oven_deck_051__F00,final_bakery_oven_deck_051,bakery_oven_deck,F00,0.54251531,0.170473
final_bakery_oven_deck_051__F01,final_bakery_oven_deck_051,bakery_oven_deck,F01,0.97853705,3.819730
final_bakery_oven_deck_051__F10,final_bakery_oven_deck_051,bakery_oven_deck,F10,0.99552746,5.405316
final_bakery_oven_deck_051__F11,final_bakery_oven_deck_051,bakery_oven_deck,F11,0.99485452,5.264479
final_bakery_oven_deck_052__F00,final_bakery_oven_deck_052,bakery_oven_deck,F00,0.20539527,-1.352909
final_bakery_oven_deck_052__F01,final_bakery_oven_deck_052,bakery_oven_deck,F01,0.93955094,2.743601
final_bakery_oven_deck_052__F10,final_bakery_oven_deck_052,bakery_oven_deck,F10,0.98912365,4.510229
final_bakery_oven_deck_052__F11,final_bakery_oven_deck_052,bakery_oven_deck,F11,0.98801511,4.412051
final_bakery_oven_deck_053__F00,final_bakery_oven_deck_053,bakery_oven_deck,F00,0.08903014,-2.325535
final_bakery_oven_deck_053__F01,final_bakery_oven_deck_053,bakery_oven_deck,F01,0.89559798,2.149243
final_bakery_oven_deck_053__F10,final_bakery_oven_deck_053,bakery_oven_deck,F10,0.99146466,4.754968
final_bakery_oven_deck_053__F11,final_bakery_oven_deck_053,bakery_oven_deck,F11,0.98792661,4.404604
final_bakery_oven_deck_054__F00,final_bakery_oven_deck_054,bakery_oven_deck,F00,0.30104173,-0.842342
final_bakery_oven_deck_054__F01,final_bakery_oven_deck_054,bakery_oven_deck,F01,0.98092717,3.940233
final_bakery_oven_deck_054__F10,final_bakery_oven_deck_054,bakery_oven_deck,F10,0.99740566,5.951827
final_bakery_oven_deck_054__F11,final_bakery_oven_deck_054,bakery_oven_deck,F11,0.99442198,5.183328
final_bakery_oven_deck_055__F00,final_bakery_oven_deck_055,bakery_oven_deck,F00,0.44857802,-0.206418
final_bakery_oven_deck_055__F01,final_bakery_oven_deck_055,bakery_oven_deck,F01,0.97439029,3.638840
final_bakery_oven_deck_055__F10,final_bakery_oven_deck_055,bakery_oven_deck,F10,0.99770997,6.076899
final_bakery_oven_deck_055__F11,final_bakery_oven_deck_055,bakery_oven_deck,F11,0.99702736,5.815326
final_bakery_oven_deck_056__F00,final_bakery_oven_deck_056,bakery_oven_deck,F00,0.33816676,-0.671474
final_bakery_oven_deck_056__F01,final_bakery_oven_deck_056,bakery_oven_deck,F01,0.98586778,4.245065
final_bakery_oven_deck_056__F10,final_bakery_oven_deck_056,bakery_oven_deck,F10,0.99742871,5.960773
final_bakery_oven_deck_056__F11,final_bakery_oven_deck_056,bakery_oven_deck,F11,0.99833454,6.395987
final_bakery_oven_deck_057__F00,final_bakery_oven_deck_057,bakery_oven_deck,F00,0.23131012,-1.200928
final_bakery_oven_deck_057__F01,final_bakery_oven_deck_057,bakery_oven_deck,F01,0.97884301,3.834401
final_bakery_oven_deck_057__F10,final_bakery_oven_deck_057,bakery_oven_deck,F10,0.99859072,6.563267
final_bakery_oven_deck_057__F11,final_bakery_oven_deck_057,bakery_oven_deck,F11,0.99669552,5.709167
final_bakery_oven_deck_058__F00,final_bakery_oven_deck_058,bakery_oven_deck,F00,0.11954549,-1.996741
final_bakery_oven_deck_058__F01,final_bakery_oven_deck_058,bakery_oven_deck,F01,0.96840623,3.422692
final_bakery_oven_deck_058__F10,final_bakery_oven_deck_058,bakery_oven_deck,F10,0.99700526,5.807898
final_bakery_oven_deck_058__F11,final_bakery_oven_deck_058,bakery_oven_deck,F11,0.99444360,5.187232
final_bakery_oven_deck_059__F00,final_bakery_oven_deck_059,bakery_oven_deck,F00,0.35235745,-0.608693
final_bakery_oven_deck_059__F01,final_bakery_oven_deck_059,bakery_oven_deck,F01,0.98938461,4.534778
final_bakery_oven_deck_059__F10,final_bakery_oven_deck_059,bakery_oven_deck,F10,0.99804769,6.236789
final_bakery_oven_deck_059__F11,final_bakery_oven_deck_059,bakery_oven_deck,F11,0.99803411,6.229842
final_bakery_oven_deck_060__F00,final_bakery_oven_deck_060,bakery_oven_deck,F00,0.11213819,-2.069084
final_bakery_oven_deck_060__F01,final_bakery_oven_deck_060,bakery_oven_deck,F01,0.98313665,4.065605
final_bakery_oven_deck_060__F10,final_bakery_oven_deck_060,bakery_oven_deck,F10,0.99872696,6.665076
final_bakery_oven_deck_060__F11,final_bakery_oven_deck_060,bakery_oven_deck,F11,0.99791783,6.172260
final_bakery_oven_deck_061__F00,final_bakery_oven_deck_061,bakery_oven_deck,F00,0.18873792,-1.458232
final_bakery_oven_deck_061__F01,final_bakery_oven_deck_061,bakery_oven_deck,F01,0.97971420,3.877340
final_bakery_oven_deck_061__F10,final_bakery_oven_deck_061,bakery_oven_deck,F10,0.99644144,5.634834
final_bakery_oven_deck_061__F11,final_bakery_oven_deck_061,bakery_oven_deck,F11,0.99694704,5.788587
final_bakery_oven_deck_062__F00,final_bakery_oven_deck_062,bakery_oven_deck,F00,0.42726435,-0.293021
final_bakery_oven_deck_062__F01,final_bakery_oven_deck_062,bakery_oven_deck,F01,0.99367726,5.057260
final_bakery_oven_deck_062__F10,final_bakery_oven_deck_062,bakery_oven_deck,F10,0.99961421,7.859827
final_bakery_oven_deck_062__F11,final_bakery_oven_deck_062,bakery_oven_deck,F11,0.99899284,6.899611
final_bakery_oven_deck_063__F00,final_bakery_oven_deck_063,bakery_oven_deck,F00,0.56085173,0.244619
final_bakery_oven_deck_063__F01,final_bakery_oven_deck_063,bakery_oven_deck,F01,0.98909649,4.507707
final_bakery_oven_deck_063__F10,final_bakery_oven_deck_063,bakery_oven_deck,F10,0.99885210,6.768671
final_bakery_oven_deck_063__F11,final_bakery_oven_deck_063,bakery_oven_deck,F11,0.99813392,6.282049
final_bakery_oven_deck_064__F00,final_bakery_oven_deck_064,bakery_oven_deck,F00,0.17795525,-1.530263
final_bakery_oven_deck_064__F01,final_bakery_oven_deck_064,bakery_oven_deck,F01,0.96603219,3.347784
final_bakery_oven_deck_064__F10,final_bakery_oven_deck_064,bakery_oven_deck,F10,0.99672764,5.718966
final_bakery_oven_deck_064__F11,final_bakery_oven_deck_064,bakery_oven_deck,F11,0.99342008,5.017131
final_bakery_oven_deck_065__F00,final_bakery_oven_deck_065,bakery_oven_deck,F00,0.08903014,-2.325535
final_bakery_oven_deck_065__F01,final_bakery_oven_deck_065,bakery_oven_deck,F01,0.94012469,2.753748
final_bakery_oven_deck_065__F10,final_bakery_oven_deck_065,bakery_oven_deck,F10,0.99078596,4.677770
final_bakery_oven_deck_065__F11,final_bakery_oven_deck_065,bakery_oven_deck,F11,0.98884157,4.484339
final_bakery_oven_deck_066__F00,final_bakery_oven_deck_066,bakery_oven_deck,F00,0.38718606,-0.459156
final_bakery_oven_deck_066__F01,final_bakery_oven_deck_066,bakery_oven_deck,F01,0.99655148,5.666357
final_bakery_oven_deck_066__F10,final_bakery_oven_deck_066,bakery_oven_deck,F10,0.99967313,8.025623
final_bakery_oven_deck_066__F11,final_bakery_oven_deck_066,bakery_oven_deck,F11,0.99930643,7.272969
final_bakery_oven_deck_067__F00,final_bakery_oven_deck_067,bakery_oven_deck,F00,0.73216255,1.005622
final_bakery_oven_deck_067__F01,final_bakery_oven_deck_067,bakery_oven_deck,F01,0.99647851,5.645343
final_bakery_oven_deck_067__F10,final_bakery_oven_deck_067,bakery_oven_deck,F10,0.99928527,7.242891
final_bakery_oven_deck_067__F11,final_bakery_oven_deck_067,bakery_oven_deck,F11,0.99930839,7.275798
final_bakery_oven_deck_068__F00,final_bakery_oven_deck_068,bakery_oven_deck,F00,0.39096592,-0.443254
final_bakery_oven_deck_068__F01,final_bakery_oven_deck_068,bakery_oven_deck,F01,0.97905029,3.844458
final_bakery_oven_deck_068__F10,final_bakery_oven_deck_068,bakery_oven_deck,F10,0.99660973,5.683450
final_bakery_oven_deck_068__F11,final_bakery_oven_deck_068,bakery_oven_deck,F11,0.99265206,4.905960
final_bakery_oven_deck_069__F00,final_bakery_oven_deck_069,bakery_oven_deck,F00,0.21369300,-1.302807
final_bakery_oven_deck_069__F01,final_bakery_oven_deck_069,bakery_oven_deck,F01,0.97990100,3.886781
final_bakery_oven_deck_069__F10,final_bakery_oven_deck_069,bakery_oven_deck,F10,0.99547772,5.394206
final_bakery_oven_deck_069__F11,final_bakery_oven_deck_069,bakery_oven_deck,F11,0.99305331,4.962520
final_bakery_oven_deck_070__F00,final_bakery_oven_deck_070,bakery_oven_deck,F00,0.24667518,-1.116424
final_bakery_oven_deck_070__F01,final_bakery_oven_deck_070,bakery_oven_deck,F01,0.98214501,4.007456
final_bakery_oven_deck_070__F10,final_bakery_oven_deck_070,bakery_oven_deck,F10,0.99851852,6.513232
final_bakery_oven_deck_070__F11,final_bakery_oven_deck_070,bakery_oven_deck,F11,0.99681921,5.747439
final_bakery_oven_deck_071__F00,final_bakery_oven_deck_071,bakery_oven_deck,F00,0.12480684,-1.947677
final_bakery_oven_deck_071__F01,final_bakery_oven_deck_071,bakery_oven_deck,F01,0.90238221,2.223978
final_bakery_oven_deck_071__F10,final_bakery_oven_deck_071,bakery_oven_deck,F10,0.98290239,4.051571
final_bakery_oven_deck_071__F11,final_bakery_oven_deck_071,bakery_oven_deck,F11,0.97192318,3.544333
final_bakery_oven_deck_072__F00,final_bakery_oven_deck_072,bakery_oven_deck,F00,0.23706017,-1.168865
final_bakery_oven_deck_072__F01,final_bakery_oven_deck_072,bakery_oven_deck,F01,0.95364062,3.023863
final_bakery_oven_deck_072__F10,final_bakery_oven_deck_072,bakery_oven_deck,F10,0.99741909,5.957028
final_bakery_oven_deck_072__F11,final_bakery_oven_deck_072,bakery_oven_deck,F11,0.99171977,4.785570
final_bakery_oven_deck_073__F00,final_bakery_oven_deck_073,bakery_oven_deck,F00,0.18873792,-1.458232
final_bakery_oven_deck_073__F01,final_bakery_oven_deck_073,bakery_oven_deck,F01,0.86586290,1.864864
final_bakery_oven_deck_073__F10,final_bakery_oven_deck_073,bakery_oven_deck,F10,0.95033636,2.951543
final_bakery_oven_deck_073__F11,final_bakery_oven_deck_073,bakery_oven_deck,F11,0.92950429,2.579100
final_bakery_oven_deck_074__F00,final_bakery_oven_deck_074,bakery_oven_deck,F00,0.33756455,-0.674166
final_bakery_oven_deck_074__F01,final_bakery_oven_deck_074,bakery_oven_deck,F01,0.98538196,4.210773
final_bakery_oven_deck_074__F10,final_bakery_oven_deck_074,bakery_oven_deck,F10,0.99740784,5.952667
final_bakery_oven_deck_074__F11,final_bakery_oven_deck_074,bakery_oven_deck,F11,0.99609293,5.541054
final_bakery_oven_deck_075__F00,final_bakery_oven_deck_075,bakery_oven_deck,F00,0.42255913,-0.312277
final_bakery_oven_deck_075__F01,final_bakery_oven_deck_075,bakery_oven_deck,F01,0.99260751,4.899871
final_bakery_oven_deck_075__F10,final_bakery_oven_deck_075,bakery_oven_deck,F10,0.99892941,6.838470
final_bakery_oven_deck_075__F11,final_bakery_oven_deck_075,bakery_oven_deck,F11,0.99779974,6.116975
final_bakery_oven_deck_076__F00,final_bakery_oven_deck_076,bakery_oven_deck,F00,0.29531225,-0.869722
final_bakery_oven_deck_076__F01,final_bakery_oven_deck_076,bakery_oven_deck,F01,0.96802845,3.410415
final_bakery_oven_deck_076__F10,final_bakery_oven_deck_076,bakery_oven_deck,F10,0.99772804,6.084836
final_bakery_oven_deck_076__F11,final_bakery_oven_deck_076,bakery_oven_deck,F11,0.99700183,5.806750
final_bakery_oven_deck_077__F00,final_bakery_oven_deck_077,bakery_oven_deck,F00,0.08903014,-2.325535
final_bakery_oven_deck_077__F01,final_bakery_oven_deck_077,bakery_oven_deck,F01,0.94062225,2.762622
final_bakery_oven_deck_077__F10,final_bakery_oven_deck_077,bakery_oven_deck,F10,0.99149117,4.758106
final_bakery_oven_deck_077__F11,final_bakery_oven_deck_077,bakery_oven_deck,F11,0.98574472,4.236270
final_bakery_oven_deck_078__F00,final_bakery_oven_deck_078,bakery_oven_deck,F00,0.40711839,-0.375891
final_bakery_oven_deck_078__F01,final_bakery_oven_deck_078,bakery_oven_deck,F01,0.98207896,4.003696
final_bakery_oven_deck_078__F10,final_bakery_oven_deck_078,bakery_oven_deck,F10,0.99668227,5.705150
final_bakery_oven_deck_078__F11,final_bakery_oven_deck_078,bakery_oven_deck,F11,0.99618469,5.564910
final_bakery_oven_deck_079__F00,final_bakery_oven_deck_079,bakery_oven_deck,F00,0.47493664,-0.100338
final_bakery_oven_deck_079__F01,final_bakery_oven_deck_079,bakery_oven_deck,F01,0.98031584,3.908060
final_bakery_oven_deck_079__F10,final_bakery_oven_deck_079,bakery_oven_deck,F10,0.99878748,6.713839
final_bakery_oven_deck_079__F11,final_bakery_oven_deck_079,bakery_oven_deck,F11,0.99797249,6.198918
final_bakery_oven_deck_080__F00,final_bakery_oven_deck_080,bakery_oven_deck,F00,0.68035074,0.755384
final_bakery_oven_deck_080__F01,final_bakery_oven_deck_080,bakery_oven_deck,F01,0.99247563,4.882055
final_bakery_oven_deck_080__F10,final_bakery_oven_deck_080,bakery_oven_deck,F10,0.99960482,7.835779
final_bakery_oven_deck_080__F11,final_bakery_oven_deck_080,bakery_oven_deck,F11,0.99902960,6.936833
final_bakery_oven_deck_081__F00,final_bakery_oven_deck_081,bakery_oven_deck,F00,0.21369300,-1.302807
final_bakery_oven_deck_081__F01,final_bakery_oven_deck_081,bakery_oven_deck,F01,0.95713558,3.105903
final_bakery_oven_deck_081__F10,final_bakery_oven_deck_081,bakery_oven_deck,F10,0.98569634,4.232833
final_bakery_oven_deck_081__F11,final_bakery_oven_deck_081,bakery_oven_deck,F11,0.97950714,3.866973
final_bakery_oven_deck_082__F00,final_bakery_oven_deck_082,bakery_oven_deck,F00,0.07886722,-2.457839
final_bakery_oven_deck_082__F01,final_bakery_oven_deck_082,bakery_oven_deck,F01,0.98033578,3.909095
final_bakery_oven_deck_082__F10,final_bakery_oven_deck_082,bakery_oven_deck,F10,0.99781465,6.123790
final_bakery_oven_deck_082__F11,final_bakery_oven_deck_082,bakery_oven_deck,F11,0.99593297,5.500768
final_bakery_oven_deck_083__F00,final_bakery_oven_deck_083,bakery_oven_deck,F00,0.35235745,-0.608693
final_bakery_oven_deck_083__F01,final_bakery_oven_deck_083,bakery_oven_deck,F01,0.96797199,3.408592
final_bakery_oven_deck_083__F10,final_bakery_oven_deck_083,bakery_oven_deck,F10,0.99586532,5.484201
final_bakery_oven_deck_083__F11,final_bakery_oven_deck_083,bakery_oven_deck,F11,0.99540829,5.378900
final_bakery_oven_deck_084__F00,final_bakery_oven_deck_084,bakery_oven_deck,F00,0.23706017,-1.168865
final_bakery_oven_deck_084__F01,final_bakery_oven_deck_084,bakery_oven_deck,F01,0.96103941,3.205465
final_bakery_oven_deck_084__F10,final_bakery_oven_deck_084,bakery_oven_deck,F10,0.99707309,5.830878
final_bakery_oven_deck_084__F11,final_bakery_oven_deck_084,bakery_oven_deck,F11,0.99546953,5.392389
final_bakery_oven_deck_085__F00,final_bakery_oven_deck_085,bakery_oven_deck,F00,0.05717271,-2.802806
final_bakery_oven_deck_085__F01,final_bakery_oven_deck_085,bakery_oven_deck,F01,0.79901584,1.380155
final_bakery_oven_deck_085__F10,final_bakery_oven_deck_085,bakery_oven_deck,F10,0.98312977,4.065190
final_bakery_oven_deck_085__F11,final_bakery_oven_deck_085,bakery_oven_deck,F11,0.97028409,3.485906
final_bakery_oven_deck_086__F00,final_bakery_oven_deck_086,bakery_oven_deck,F00,0.33563260,-0.682818
final_bakery_oven_deck_086__F01,final_bakery_oven_deck_086,bakery_oven_deck,F01,0.98832309,4.438397
final_bakery_oven_deck_086__F10,final_bakery_oven_deck_086,bakery_oven_deck,F10,0.99844097,6.462130
final_bakery_oven_deck_086__F11,final_bakery_oven_deck_086,bakery_oven_deck,F11,0.99847390,6.483509
final_bakery_oven_deck_087__F00,final_bakery_oven_deck_087,bakery_oven_deck,F00,0.42255913,-0.312277
final_bakery_oven_deck_087__F01,final_bakery_oven_deck_087,bakery_oven_deck,F01,0.99359412,5.044112
final_bakery_oven_deck_087__F10,final_bakery_oven_deck_087,bakery_oven_deck,F10,0.99956992,7.751116
final_bakery_oven_deck_087__F11,final_bakery_oven_deck_087,bakery_oven_deck,F11,0.99837883,6.422984
final_bakery_oven_deck_088__F00,final_bakery_oven_deck_088,bakery_oven_deck,F00,0.51405193,0.056223
final_bakery_oven_deck_088__F01,final_bakery_oven_deck_088,bakery_oven_deck,F01,0.98894895,4.494117
final_bakery_oven_deck_088__F10,final_bakery_oven_deck_088,bakery_oven_deck,F10,0.99880793,6.730873
final_bakery_oven_deck_088__F11,final_bakery_oven_deck_088,bakery_oven_deck,F11,0.99837746,6.422141
final_bakery_oven_deck_089__F00,final_bakery_oven_deck_089,bakery_oven_deck,F00,0.13010949,-1.899991
final_bakery_oven_deck_089__F01,final_bakery_oven_deck_089,bakery_oven_deck,F01,0.89148108,2.105960
final_bakery_oven_deck_089__F10,final_bakery_oven_deck_089,bakery_oven_deck,F10,0.99367695,5.057211
final_bakery_oven_deck_089__F11,final_bakery_oven_deck_089,bakery_oven_deck,F11,0.97975748,3.879520
final_bakery_oven_deck_090__F00,final_bakery_oven_deck_090,bakery_oven_deck,F00,0.38155578,-0.482950
final_bakery_oven_deck_090__F01,final_bakery_oven_deck_090,bakery_oven_deck,F01,0.99475910,5.246008
final_bakery_oven_deck_090__F10,final_bakery_oven_deck_090,bakery_oven_deck,F10,0.99888886,6.801253
final_bakery_oven_deck_090__F11,final_bakery_oven_deck_090,bakery_oven_deck,F11,0.99842415,6.451386
final_bakery_oven_deck_091__F00,final_bakery_oven_deck_091,bakery_oven_deck,F00,0.44857802,-0.206418
final_bakery_oven_deck_091__F01,final_bakery_oven_deck_091,bakery_oven_deck,F01,0.98124673,3.957456
final_bakery_oven_deck_091__F10,final_bakery_oven_deck_091,bakery_oven_deck,F10,0.99908319,6.993695
final_bakery_oven_deck_091__F11,final_bakery_oven_deck_091,bakery_oven_deck,F11,0.99812216,6.275753
final_bakery_oven_deck_092__F00,final_bakery_oven_deck_092,bakery_oven_deck,F00,0.33121557,-0.702692
final_bakery_oven_deck_092__F01,final_bakery_oven_deck_092,bakery_oven_deck,F01,0.98356735,4.091916
final_bakery_oven_deck_092__F10,final_bakery_oven_deck_092,bakery_oven_deck,F10,0.99885629,6.772334
final_bakery_oven_deck_092__F11,final_bakery_oven_deck_092,bakery_oven_deck,F11,0.99827033,6.358091
final_bakery_oven_deck_093__F00,final_bakery_oven_deck_093,bakery_oven_deck,F00,0.31247185,-0.788588
final_bakery_oven_deck_093__F01,final_bakery_oven_deck_093,bakery_oven_deck,F01,0.96590484,3.343910
final_bakery_oven_deck_093__F10,final_bakery_oven_deck_093,bakery_oven_deck,F10,0.99573849,5.453861
final_bakery_oven_deck_093__F11,final_bakery_oven_deck_093,bakery_oven_deck,F11,0.99557085,5.415108
final_bakery_oven_deck_094__F00,final_bakery_oven_deck_094,bakery_oven_deck,F00,0.09681466,-2.233129
final_bakery_oven_deck_094__F01,final_bakery_oven_deck_094,bakery_oven_deck,F01,0.94167415,2.781614
final_bakery_oven_deck_094__F10,final_bakery_oven_deck_094,bakery_oven_deck,F10,0.99475808,5.245812
final_bakery_oven_deck_094__F11,final_bakery_oven_deck_094,bakery_oven_deck,F11,0.99067307,4.665478
final_bakery_oven_deck_095__F00,final_bakery_oven_deck_095,bakery_oven_deck,F00,0.09961263,-2.201536
final_bakery_oven_deck_095__F01,final_bakery_oven_deck_095,bakery_oven_deck,F01,0.95545055,3.065583
final_bakery_oven_deck_095__F10,final_bakery_oven_deck_095,bakery_oven_deck,F10,0.99394311,5.100483
final_bakery_oven_deck_095__F11,final_bakery_oven_deck_095,bakery_oven_deck,F11,0.98835410,4.441087
final_bakery_oven_deck_096__F00,final_bakery_oven_deck_096,bakery_oven_deck,F00,0.12458075,-1.949749
final_bakery_oven_deck_096__F01,final_bakery_oven_deck_096,bakery_oven_deck,F01,0.94635398,2.870209
final_bakery_oven_deck_096__F10,final_bakery_oven_deck_096,bakery_oven_deck,F10,0.99452413,5.201913
final_bakery_oven_deck_096__F11,final_bakery_oven_deck_096,bakery_oven_deck,F11,0.99059322,4.656874
final_bakery_oven_deck_097__F00,final_bakery_oven_deck_097,bakery_oven_deck,F00,0.10059800,-2.190598
final_bakery_oven_deck_097__F01,final_bakery_oven_deck_097,bakery_oven_deck,F01,0.93478491,2.662626
final_bakery_oven_deck_097__F10,final_bakery_oven_deck_097,bakery_oven_deck,F10,0.98687225,4.319812
final_bakery_oven_deck_097__F11,final_bakery_oven_deck_097,bakery_oven_deck,F11,0.99057267,4.654670
final_bakery_oven_deck_098__F00,final_bakery_oven_deck_098,bakery_oven_deck,F00,0.50733244,0.029332
final_bakery_oven_deck_098__F01,final_bakery_oven_deck_098,bakery_oven_deck,F01,0.97547357,3.683172
final_bakery_oven_deck_098__F10,final_bakery_oven_deck_098,bakery_oven_deck,F10,0.99873046,6.667827
final_bakery_oven_deck_098__F11,final_bakery_oven_deck_098,bakery_oven_deck,F11,0.99645106,5.637552
final_bakery_oven_deck_099__F00,final_bakery_oven_deck_099,bakery_oven_deck,F00,0.42255913,-0.312277
final_bakery_oven_deck_099__F01,final_bakery_oven_deck_099,bakery_oven_deck,F01,0.99412635,5.131388
final_bakery_oven_deck_099__F10,final_bakery_oven_deck_099,bakery_oven_deck,F10,0.99923546,7.175467
final_bakery_oven_deck_099__F11,final_bakery_oven_deck_099,bakery_oven_deck,F11,0.99865351,6.608903
final_bakery_oven_deck_100__F00,final_bakery_oven_deck_100,bakery_oven_deck,F00,0.17795525,-1.530263
final_bakery_oven_deck_100__F01,final_bakery_oven_deck_100,bakery_oven_deck,F01,0.93330717,2.638637
final_bakery_oven_deck_100__F10,final_bakery_oven_deck_100,bakery_oven_deck,F10,0.99577278,5.461974
final_bakery_oven_deck_100__F11,final_bakery_oven_deck_100,bakery_oven_deck,F11,0.99316747,4.979204
final_bakery_oven_deck_101__F00,final_bakery_oven_deck_101,bakery_oven_deck,F00,0.13010949,-1.899991
final_bakery_oven_deck_101__F01,final_bakery_oven_deck_101,bakery_oven_deck,F01,0.88324479,2.023523
final_bakery_oven_deck_101__F10,final_bakery_oven_deck_101,bakery_oven_deck,F10,0.99433842,5.168375
final_bakery_oven_deck_101__F11,final_bakery_oven_deck_101,bakery_oven_deck,F11,0.98321661,4.070440
final_bakery_oven_deck_102__F00,final_bakery_oven_deck_102,bakery_oven_deck,F00,0.38718606,-0.459156
final_bakery_oven_deck_102__F01,final_bakery_oven_deck_102,bakery_oven_deck,F01,0.97760249,3.776153
final_bakery_oven_deck_102__F10,final_bakery_oven_deck_102,bakery_oven_deck,F10,0.99824408,6.343005
final_bakery_oven_deck_102__F11,final_bakery_oven_deck_102,bakery_oven_deck,F11,0.99710474,5.841779
final_bakery_oven_deck_103__F00,final_bakery_oven_deck_103,bakery_oven_deck,F00,0.51678108,0.067150
final_bakery_oven_deck_103__F01,final_bakery_oven_deck_103,bakery_oven_deck,F01,0.98125131,3.957705
final_bakery_oven_deck_103__F10,final_bakery_oven_deck_103,bakery_oven_deck,F10,0.99897754,6.884518
final_bakery_oven_deck_103__F11,final_bakery_oven_deck_103,bakery_oven_deck,F11,0.99736200,5.935093
final_bakery_oven_deck_104__F00,final_bakery_oven_deck_104,bakery_oven_deck,F00,0.27763286,-0.956234
final_bakery_oven_deck_104__F01,final_bakery_oven_deck_104,bakery_oven_deck,F01,0.97097926,3.510294
final_bakery_oven_deck_104__F10,final_bakery_oven_deck_104,bakery_oven_deck,F10,0.99624168,5.580017
final_bakery_oven_deck_104__F11,final_bakery_oven_deck_104,bakery_oven_deck,F11,0.99693602,5.784972
final_bakery_oven_deck_105__F00,final_bakery_oven_deck_105,bakery_oven_deck,F00,0.39405392,-0.430303
final_bakery_oven_deck_105__F01,final_bakery_oven_deck_105,bakery_oven_deck,F01,0.99237448,4.868600
final_bakery_oven_deck_105__F10,final_bakery_oven_deck_105,bakery_oven_deck,F10,0.99824158,6.341582
final_bakery_oven_deck_105__F11,final_bakery_oven_deck_105,bakery_oven_deck,F11,0.99771002,6.076917
final_bakery_oven_deck_106__F00,final_bakery_oven_deck_106,bakery_oven_deck,F00,0.13174751,-1.885595
final_bakery_oven_deck_106__F01,final_bakery_oven_deck_106,bakery_oven_deck,F01,0.94209577,2.789316
final_bakery_oven_deck_106__F10,final_bakery_oven_deck_106,bakery_oven_deck,F10,0.98563790,4.228696
final_bakery_oven_deck_106__F11,final_bakery_oven_deck_106,bakery_oven_deck,F11,0.99370818,5.062194
final_bakery_oven_deck_107__F00,final_bakery_oven_deck_107,bakery_oven_deck,F00,0.35235745,-0.608693
final_bakery_oven_deck_107__F01,final_bakery_oven_deck_107,bakery_oven_deck,F01,0.98353664,4.090018
final_bakery_oven_deck_107__F10,final_bakery_oven_deck_107,bakery_oven_deck,F10,0.99810393,6.266075
final_bakery_oven_deck_107__F11,final_bakery_oven_deck_107,bakery_oven_deck,F11,0.99728128,5.904870
final_bakery_oven_deck_108__F00,final_bakery_oven_deck_108,bakery_oven_deck,F00,0.13529643,-1.854919
final_bakery_oven_deck_108__F01,final_bakery_oven_deck_108,bakery_oven_deck,F01,0.96827152,3.418298
final_bakery_oven_deck_108__F10,final_bakery_oven_deck_108,bakery_oven_deck,F10,0.99495529,5.284357
final_bakery_oven_deck_108__F11,final_bakery_oven_deck_108,bakery_oven_deck,F11,0.99284651,4.932976
final_bakery_oven_deck_109__F00,final_bakery_oven_deck_109,bakery_oven_deck,F00,0.18873792,-1.458232
final_bakery_oven_deck_109__F01,final_bakery_oven_deck_109,bakery_oven_deck,F01,0.98678876,4.313388
final_bakery_oven_deck_109__F10,final_bakery_oven_deck_109,bakery_oven_deck,F10,0.99588384,5.488709
final_bakery_oven_deck_109__F11,final_bakery_oven_deck_109,bakery_oven_deck,F11,0.99761433,6.035886
final_bakery_oven_deck_110__F00,final_bakery_oven_deck_110,bakery_oven_deck,F00,0.27524734,-0.968160
final_bakery_oven_deck_110__F01,final_bakery_oven_deck_110,bakery_oven_deck,F01,0.98305796,4.060870
final_bakery_oven_deck_110__F10,final_bakery_oven_deck_110,bakery_oven_deck,F10,0.99853652,6.525472
final_bakery_oven_deck_110__F11,final_bakery_oven_deck_110,bakery_oven_deck,F11,0.99796194,6.193716
final_bakery_oven_deck_111__F00,final_bakery_oven_deck_111,bakery_oven_deck,F00,0.65375038,0.635566
final_bakery_oven_deck_111__F01,final_bakery_oven_deck_111,bakery_oven_deck,F01,0.99136390,4.743131
final_bakery_oven_deck_111__F10,final_bakery_oven_deck_111,bakery_oven_deck,F10,0.99918431,7.110666
final_bakery_oven_deck_111__F11,final_bakery_oven_deck_111,bakery_oven_deck,F11,0.99892896,6.838057
final_bakery_oven_deck_112__F00,final_bakery_oven_deck_112,bakery_oven_deck,F00,0.25425605,-1.076040
final_bakery_oven_deck_112__F01,final_bakery_oven_deck_112,bakery_oven_deck,F01,0.97737196,3.765677
final_bakery_oven_deck_112__F10,final_bakery_oven_deck_112,bakery_oven_deck,F10,0.99818182,6.308098
final_bakery_oven_deck_112__F11,final_bakery_oven_deck_112,bakery_oven_deck,F11,0.99732606,5.921524
final_bakery_oven_deck_113__F00,final_bakery_oven_deck_113,bakery_oven_deck,F00,0.15695902,-1.681031
final_bakery_oven_deck_113__F01,final_bakery_oven_deck_113,bakery_oven_deck,F01,0.93004218,2.587337
final_bakery_oven_deck_113__F10,final_bakery_oven_deck_113,bakery_oven_deck,F10,0.99433466,5.167708
final_bakery_oven_deck_113__F11,final_bakery_oven_deck_113,bakery_oven_deck,F11,0.99278386,4.924193
final_bakery_oven_deck_114__F00,final_bakery_oven_deck_114,bakery_oven_deck,F00,0.30104173,-0.842342
final_bakery_oven_deck_114__F01,final_bakery_oven_deck_114,bakery_oven_deck,F01,0.97868067,3.826591
final_bakery_oven_deck_114__F10,final_bakery_oven_deck_114,bakery_oven_deck,F10,0.99754468,6.007041
final_bakery_oven_deck_114__F11,final_bakery_oven_deck_114,bakery_oven_deck,F11,0.99550901,5.401182
final_bakery_oven_deck_115__F00,final_bakery_oven_deck_115,bakery_oven_deck,F00,0.42543259,-0.300511
final_bakery_oven_deck_115__F01,final_bakery_oven_deck_115,bakery_oven_deck,F01,0.98381990,4.107661
final_bakery_oven_deck_115__F10,final_bakery_oven_deck_115,bakery_oven_deck,F10,0.99864336,6.601386
final_bakery_oven_deck_115__F11,final_bakery_oven_deck_115,bakery_oven_deck,F11,0.99847072,6.481426
final_bakery_oven_deck_116__F00,final_bakery_oven_deck_116,bakery_oven_deck,F00,0.39096592,-0.443254
final_bakery_oven_deck_116__F01,final_bakery_oven_deck_116,bakery_oven_deck,F01,0.98361463,4.094845
final_bakery_oven_deck_116__F10,final_bakery_oven_deck_116,bakery_oven_deck,F10,0.99739281,5.946871
final_bakery_oven_deck_116__F11,final_bakery_oven_deck_116,bakery_oven_deck,F11,0.99813453,6.282375
final_bakery_oven_deck_117__F00,final_bakery_oven_deck_117,bakery_oven_deck,F00,0.10723976,-2.119251
final_bakery_oven_deck_117__F01,final_bakery_oven_deck_117,bakery_oven_deck,F01,0.97244402,3.563593
final_bakery_oven_deck_117__F10,final_bakery_oven_deck_117,bakery_oven_deck,F10,0.99793554,6.180818
final_bakery_oven_deck_117__F11,final_bakery_oven_deck_117,bakery_oven_deck,F11,0.99688709,5.769080
final_bakery_oven_deck_118__F00,final_bakery_oven_deck_118,bakery_oven_deck,F00,0.09681466,-2.233129
final_bakery_oven_deck_118__F01,final_bakery_oven_deck_118,bakery_oven_deck,F01,0.95668805,3.095049
final_bakery_oven_deck_118__F10,final_bakery_oven_deck_118,bakery_oven_deck,F10,0.99605530,5.531430
final_bakery_oven_deck_118__F11,final_bakery_oven_deck_118,bakery_oven_deck,F11,0.99455890,5.208317
final_bakery_oven_deck_119__F00,final_bakery_oven_deck_119,bakery_oven_deck,F00,0.09122324,-2.298790
final_bakery_oven_deck_119__F01,final_bakery_oven_deck_119,bakery_oven_deck,F01,0.93588385,2.680795
final_bakery_oven_deck_119__F10,final_bakery_oven_deck_119,bakery_oven_deck,F10,0.99038568,4.634841
final_bakery_oven_deck_119__F11,final_bakery_oven_deck_119,bakery_oven_deck,F11,0.98980328,4.575440
final_bike_share_stand_000__F00,final_bike_share_stand_000,bike_share_stand,F00,0.98732798,4.355606
final_bike_share_stand_000__F01,final_bike_share_stand_000,bike_share_stand,F01,0.99989783,9.188815
final_bike_share_stand_000__F10,final_bike_share_stand_000,bike_share_stand,F10,0.99999337,11.924259
final_bike_share_stand_000__F11,final_bike_share_stand_000,bike_share_stand,F11,0.99999253,11.804410
final_bike_share_stand_001__F00,final_bike_share_stand_001,bike_share_stand,F00,0.97811386,3.799773
final_bike_share_stand_001__F01,final_bike_share_stand_001,bike_share_stand,F01,0.99956787,7.746361
final_bike_share_stand_001__F10,final_bike_share_stand_001,bike_share_stand,F10,0.99996877,10.374069
final_bike_share_stand_001__F11,final_bike_share_stand_001,bike_share_stand,F11,0.99995852,10.090313
final_bike_share_stand_002__F00,final_bike_share_stand_002,bike_share_stand,F00,0.99318234,4.981398
final_bike_share_stand_002__F01,final_bike_share_stand_002,bike_share_stand,F01,0.99987691,9.002484
final_bike_share_stand_002__F10,final_bike_share_stand_002,bike_share_stand,F10,0.99999071,11.586456
final_bike_share_stand_002__F11,final_bike_share_stand_002,bike_share_stand,F11,0.99999198,11.733272
final_bike_share_stand_003__F00,final_bike_share_stand_003,bike_share_stand,F00,0.97503425,3.664968
final_bike_share_stand_003__F01,final_bike_share_stand_003,bike_share_stand,F01,0.99970239,8.119439
final_bike_share_stand_003__F10,final_bike_share_stand_003,bike_share_stand,F10,0.99995961,10.116816
final_bike_share_stand_003__F11,final_bike_share_stand_003,bike_share_stand,F11,0.99998188,10.918578
final_bike_share_stand_004__F00,final_bike_share_stand_004,bike_share_stand,F00,0.98837936,4.443284
final_bike_share_stand_004__F01,final_bike_share_stand_004,bike_share_stand,F01,0.99988495,9.070019
final_bike_share_stand_004__F10,final_bike_share_stand_004,bike_share_stand,F10,0.99998705,11.254416
final_bike_share_stand_004__F11,final_bike_share_stand_004,bike_share_stand,F11,0.99998993,11.505475
final_bike_share_stand_005__F00,final_bike_share_stand_005,bike_share_stand,F00,0.96433511,3.297272
final_bike_share_stand_005__F01,final_bike_share_stand_005,bike_share_stand,F01,0.99871908,6.658895
final_bike_share_stand_005__F10,final_bike_share_stand_005,bike_share_stand,F10,0.99995464,10.000742
final_bike_share_stand_005__F11,final_bike_share_stand_005,bike_share_stand,F11,0.99995551,10.020137
final_bike_share_stand_006__F00,final_bike_share_stand_006,bike_share_stand,F00,0.99312917,4.973576
final_bike_share_stand_006__F01,final_bike_share_stand_006,bike_share_stand,F01,0.99991993,9.432502
final_bike_share_stand_006__F10,final_bike_share_stand_006,bike_share_stand,F10,0.99999514,12.235216
final_bike_share_stand_006__F11,final_bike_share_stand_006,bike_share_stand,F11,0.99999802,13.130873
final_bike_share_stand_007__F00,final_bike_share_stand_007,bike_share_stand,F00,0.99928885,7.247913
final_bike_share_stand_007__F01,final_bike_share_stand_007,bike_share_stand,F01,0.99990408,9.251934
final_bike_share_stand_007__F10,final_bike_share_stand_007,bike_share_stand,F10,0.99995520,10.013314
final_bike_share_stand_007__F11,final_bike_share_stand_007,bike_share_stand,F11,0.99983379,8.702063
final_bike_share_stand_008__F00,final_bike_share_stand_008,bike_share_stand,F00,0.98620705,4.269709
final_bike_share_stand_008__F01,final_bike_share_stand_008,bike_share_stand,F01,0.99979035,8.469840
final_bike_share_stand_008__F10,final_bike_share_stand_008,bike_share_stand,F10,0.99998591,11.170012
final_bike_share_stand_008__F11,final_bike_share_stand_008,bike_share_stand,F11,0.99999116,11.635940
final_bike_share_stand_009__F00,final_bike_share_stand_009,bike_share_stand,F00,0.98701481,4.330875
final_bike_share_stand_009__F01,final_bike_share_stand_009,bike_share_stand,F01,0.99960497,7.836162
final_bike_share_stand_009__F10,final_bike_share_stand_009,bike_share_stand,F10,0.99999108,11.627160
final_bike_share_stand_009__F11,final_bike_share_stand_009,bike_share_stand,F11,0.99998013,10.826446
final_bike_share_stand_010__F00,final_bike_share_stand_010,bike_share_stand,F00,0.99426894,5.156108
final_bike_share_stand_010__F01,final_bike_share_stand_010,bike_share_stand,F01,0.99996336,10.214198
final_bike_share_stand_010__F10,final_bike_share_stand_010,bike_share_stand,F10,0.99999823,13.244916
final_bike_share_stand_010__F11,final_bike_share_stand_010,bike_share_stand,F11,0.99999730,12.820822
final_bike_share_stand_011__F00,final_bike_share_stand_011,bike_share_stand,F00,0.99190812,4.808770
final_bike_share_stand_011__F01,final_bike_share_stand_011,bike_share_stand,F01,0.99973211,8.224658
final_bike_share_stand_011__F10,final_bike_share_stand_011,bike_share_stand,F10,0.99998125,10.884144
final_bike_share_stand_011__F11,final_bike_share_stand_011,bike_share_stand,F11,0.99995678,10.049086
final_bike_share_stand_012__F00,final_bike_share_stand_012,bike_share_stand,F00,0.98955531,4.551162
final_bike_share_stand_012__F01,final_bike_share_stand_012,bike_share_stand,F01,0.99979134,8.474593
final_bike_share_stand_012__F10,final_bike_share_stand_012,bike_share_stand,F10,0.99998739,11.281034
final_bike_share_stand_012__F11,final_bike_share_stand_012,bike_share_stand,F11,0.99998139,10.891940
final_bike_share_stand_013__F00,final_bike_share_stand_013,bike_share_stand,F00,0.95911695,3.155298
final_bike_share_stand_013__F01,final_bike_share_stand_013,bike_share_stand,F01,0.99946199,7.527090
final_bike_share_stand_013__F10,final_bike_share_stand_013,bike_share_stand,F10,0.99996325,10.211270
final_bike_share_stand_013__F11,final_bike_share_stand_013,bike_share_stand,F11,0.99996995,10.412700
final_bike_share_stand_014__F00,final_bike_share_stand_014,bike_share_stand,F00,0.98883503,4.483746
final_bike_share_stand_014__F01,final_bike_share_stand_014,bike_share_stand,F01,0.99989811,9.191478
final_bike_share_stand_014__F10,final_bike_share_stand_014,bike_share_stand,F10,0.99999354,11.950366
final_bike_share_stand_014__F11,final_bike_share_stand_014,bike_share_stand,F11,0.99999154,11.680217
final_bike_share_stand_015__F00,final_bike_share_stand_015,bike_share_stand,F00,0.98203915,4.001437
final_bike_share_stand_015__F01,final_bike_share_stand_015,bike_share_stand,F01,0.99982605,8.656587
final_bike_share_stand_015__F10,final_bike_share_stand_015,bike_share_stand,F10,0.99998088,10.864671
final_bike_share_stand_015__F11,final_bike_share_stand_015,bike_share_stand,F11,0.99998534,11.130316
final_bike_share_stand_016__F00,final_bike_share_stand_016,bike_share_stand,F00,0.97901529,3.842753
final_bike_share_stand_016__F01,final_bike_share_stand_016,bike_share_stand,F01,0.99978311,8.435881
final_bike_share_stand_016__F10,final_bike_share_stand_016,bike_share_stand,F10,0.99998648,11.211542
final_bike_share_stand_016__F11,final_bike_share_stand_016,bike_share_stand,F11,0.99997855,10.749818
final_bike_share_stand_017__F00,final_bike_share_stand_017,bike_share_stand,F00,0.95732440,3.110515
final_bike_share_stand_017__F01,final_bike_share_stand_017,bike_share_stand,F01,0.99918775,7.114888
final_bike_share_stand_017__F10,final_bike_share_stand_017,bike_share_stand,F10,0.99993100,9.581380
final_bike_share_stand_017__F11,final_bike_share_stand_017,bike_share_stand,F11,0.99995892,10.099996
final_bike_share_stand_018__F00,final_bike_share_stand_018,bike_share_stand,F00,0.99092244,4.692831
final_bike_share_stand_018__F01,final_bike_share_stand_018,bike_share_stand,F01,0.99997064,10.435882
final_bike_share_stand_018__F10,final_bike_share_stand_018,bike_share_stand,F10,0.99999731,12.826587
final_bike_share_stand_018__F11,final_bike_share_stand_018,bike_share_stand,F11,0.99999861,13.485787
final_bike_share_stand_019__F00,final_bike_share_stand_019,bike_share_stand,F00,0.99928885,7.247913
final_bike_share_stand_019__F01,final_bike_share_stand_019,bike_share_stand,F01,0.99998332,11.001247
final_bike_share_stand_019__F10,final_bike_share_stand_019,bike_share_stand,F10,0.99999639,12.530687
final_bike_share_stand_019__F11,final_bike_share_stand_019,bike_share_stand,F11,0.99999052,11.566836
final_bike_share_stand_020__F00,final_bike_share_stand_020,bike_share_stand,F00,0.98950969,4.546757
final_bike_share_stand_020__F01,final_bike_share_stand_020,bike_share_stand,F01,0.99981503,8.595124
final_bike_share_stand_020__F10,final_bike_share_stand_020,bike_share_stand,F10,0.99999229,11.772977
final_bike_share_stand_020__F11,final_bike_share_stand_020,bike_share_stand,F11,0.99998647,11.210724
final_bike_share_stand_021__F00,final_bike_share_stand_021,bike_share_stand,F00,0.97553228,3.685629
final_bike_share_stand_021__F01,final_bike_share_stand_021,bike_share_stand,F01,0.99938124,7.387174
final_bike_share_stand_021__F10,final_bike_share_stand_021,bike_share_stand,F10,0.99996966,10.403163
final_bike_share_stand_021__F11,final_bike_share_stand_021,bike_share_stand,F11,0.99997599,10.637157
final_bike_share_stand_022__F00,final_bike_share_stand_022,bike_share_stand,F00,0.98974044,4.569233
final_bike_share_stand_022__F01,final_bike_share_stand_022,bike_share_stand,F01,0.99992394,9.483958
final_bike_share_stand_022__F10,final_bike_share_stand_022,bike_share_stand,F10,0.99999497,12.199542
final_bike_share_stand_022__F11,final_bike_share_stand_022,bike_share_stand,F11,0.99999617,12.473778
final_bike_share_stand_023__F00,final_bike_share_stand_023,bike_share_stand,F00,0.99925593,7.202628
final_bike_share_stand_023__F01,final_bike_share_stand_023,bike_share_stand,F01,0.99996991,10.411265
final_bike_share_stand_023__F10,final_bike_share_stand_023,bike_share_stand,F10,0.99999788,13.063308
final_bike_share_stand_023__F11,final_bike_share_stand_023,bike_share_stand,F11,0.99999548,12.307867
final_bike_share_stand_024__F00,final_bike_share_stand_024,bike_share_stand,F00,0.99463697,5.222849
final_bike_share_stand_024__F01,final_bike_share_stand_024,bike_share_stand,F01,0.99994296,9.771761
final_bike_share_stand_024__F10,final_bike_share_stand_024,bike_share_stand,F10,0.99999495,12.196273
final_bike_share_stand_024__F11,final_bike_share_stand_024,bike_share_stand,F11,0.99999281,11.842442
final_bike_share_stand_025__F00,final_bike_share_stand_025,bike_share_stand,F00,0.98092249,3.939983
final_bike_share_stand_025__F01,final_bike_share_stand_025,bike_share_stand,F01,0.99885177,6.768387
final_bike_share_stand_025__F10,final_bike_share_stand_025,bike_share_stand,F10,0.99993034,9.571851
final_bike_share_stand_025__F11,final_bike_share_stand_025,bike_share_stand,F11,0.99990346,9.245445
final_bike_share_stand_026__F00,final_bike_share_stand_026,bike_share_stand,F00,0.99030765,4.626679
final_bike_share_stand_026__F01,final_bike_share_stand_026,bike_share_stand,F01,0.99988785,9.095537
final_bike_share_stand_026__F10,final_bike_share_stand_026,bike_share_stand,F10,0.99998630,11.198294
final_bike_share_stand_026__F11,final_bike_share_stand_026,bike_share_stand,F11,0.99997846,10.745374
final_bike_share_stand_027__F00,final_bike_share_stand_027,bike_share_stand,F00,0.98203915,4.001437
final_bike_share_stand_027__F01,final_bike_share_stand_027,bike_share_stand,F01,0.99966485,8.000610
final_bike_share_stand_027__F10,final_bike_share_stand_027,bike_share_stand,F10,0.99996145,10.163634
final_bike_share_stand_027__F11,final_bike_share_stand_027,bike_share_stand,F11,0.99997308,10.522460
final_bike_share_stand_028__F00,final_bike_share_stand_028,bike_share_stand,F00,0.99400366,5.110591
final_bike_share_stand_028__F01,final_bike_share_stand_028,bike_share_stand,F01,0.99997082,10.442037
final_bike_share_stand_028__F10,final_bike_share_stand_028,bike_share_stand,F10,0.99999554,12.320824
final_bike_share_stand_028__F11,final_bike_share_stand_028,bike_share_stand,F11,0.99999532,12.272188
final_bike_share_stand_029__F00,final_bike_share_stand_029,bike_share_stand,F00,0.95580571,3.073959
final_bike_share_stand_029__F01,final_bike_share_stand_029,bike_share_stand,F01,0.99878002,6.707702
final_bike_share_stand_029__F10,final_bike_share_stand_029,bike_share_stand,F10,0.99971497,8.162636
final_bike_share_stand_029__F11,final_bike_share_stand_029,bike_share_stand,F11,0.99972501,8.198509
final_bike_share_stand_030__F00,final_bike_share_stand_030,bike_share_stand,F00,0.99312917,4.973576
final_bike_share_stand_030__F01,final_bike_share_stand_030,bike_share_stand,F01,0.99996246,10.190121
final_bike_share_stand_030__F10,final_bike_share_stand_030,bike_share_stand,F10,0.99999762,12.947066
final_bike_share_stand_030__F11,final_bike_share_stand_030,bike_share_stand,F11,0.99999817,13.210088
final_bike_share_stand_031__F00,final_bike_share_stand_031,bike_share_stand,F00,0.99077852,4.676955
final_bike_share_stand_031__F01,final_bike_share_stand_031,bike_share_stand,F01,0.99967516,8.031862
final_bike_share_stand_031__F10,final_bike_share_stand_031,bike_share_stand,F10,0.99996977,10.406786
final_bike_share_stand_031__F11,final_bike_share_stand_031,bike_share_stand,F11,0.99992661,9.519654
final_bike_share_stand_032__F00,final_bike_share_stand_032,bike_share_stand,F00,0.98932020,4.528664
final_bike_share_stand_032__F01,final_bike_share_stand_032,bike_share_stand,F01,0.99970528,8.129177
final_bike_share_stand_032__F10,final_bike_share_stand_032,bike_share_stand,F10,0.99997717,10.687333
final_bike_share_stand_032__F11,final_bike_share_stand_032,bike_share_stand,F11,0.99998506,11.111201
final_bike_share_stand_033__F00,final_bike_share_stand_033,bike_share_stand,F00,0.98701481,4.330875
final_bike_share_stand_033__F01,final_bike_share_stand_033,bike_share_stand,F01,0.99969583,8.097621
final_bike_share_stand_033__F10,final_bike_share_stand_033,bike_share_stand,F10,0.99998010,10.824906
final_bike_share_stand_033__F11,final_bike_share_stand_033,bike_share_stand,F11,0.99997239,10.497362
final_bike_share_stand_034__F00,final_bike_share_stand_034,bike_share_stand,F00,0.99262033,4.901619
final_bike_share_stand_034__F01,final_bike_share_stand_034,bike_share_stand,F01,0.99984394,8.765116
final_bike_share_stand_034__F10,final_bike_share_stand_034,bike_share_stand,F10,0.99999448,12.106936
final_bike_share_stand_034__F11,final_bike_share_stand_034,bike_share_stand,F11,0.99999402,12.026558
final_bike_share_stand_035__F00,final_bike_share_stand_035,bike_share_stand,F00,0.99110130,4.712911
final_bike_share_stand_035__F01,final_bike_share_stand_035,bike_share_stand,F01,0.99966298,7.995029
final_bike_share_stand_035__F10,final_bike_share_stand_035,bike_share_stand,F10,0.99998706,11.255434
final_bike_share_stand_035__F11,final_bike_share_stand_035,bike_share_stand,F11,0.99998122,10.882939
final_bike_share_stand_036__F00,final_bike_share_stand_036,bike_share_stand,F00,0.99335212,5.006787
final_bike_share_stand_036__F01,final_bike_share_stand_036,bike_share_stand,F01,0.99996691,10.316318
final_bike_share_stand_036__F10,final_bike_share_stand_036,bike_share_stand,F10,0.99999861,13.485731
final_bike_share_stand_036__F11,final_bike_share_stand_036,bike_share_stand,F11,0.99999861,13.486408
final_bike_share_stand_037__F00,final_bike_share_stand_037,bike_share_stand,F00,0.99780067,6.117403
final_bike_share_stand_037__F01,final_bike_share_stand_037,bike_share_stand,F01,0.99997543,10.614161
final_bike_share_stand_037__F10,final_bike_share_stand_037,bike_share_stand,F10,0.99999469,12.145927
final_bike_share_stand_037__F11,final_bike_share_stand_037,bike_share_stand,F11,0.99999285,11.848026
final_bike_share_stand_038__F00,final_bike_share_stand_038,bike_share_stand,F00,0.99520674,5.335740
final_bike_share_stand_038__F01,final_bike_share_stand_038,bike_share_stand,F01,0.99987067,8.952998
final_bike_share_stand_038__F10,final_bike_share_stand_038,bike_share_stand,F10,0.99999039,11.553162
final_bike_share_stand_038__F11,final_bike_share_stand_038,bike_share_stand,F11,0.99998807,11.336820
final_bike_share_stand_039__F00,final_bike_share_stand_039,bike_share_stand,F00,0.97503425,3.664968
final_bike_share_stand_039__F01,final_bike_share_stand_039,bike_share_stand,F01,0.99966332,7.996051
final_bike_share_stand_039__F10,final_bike_share_stand_039,bike_share_stand,F10,0.99997439,10.572606
final_bike_share_stand_039__F11,final_bike_share_stand_039,bike_share_stand,F11,0.99998916,11.431893
final_bike_share_stand_040__F00,final_bike_share_stand_040,bike_share_stand,F00,0.98919266,4.516664
final_bike_share_stand_040__F01,final_bike_share_stand_040,bike_share_stand,F01,0.99988448,9.065993
final_bike_share_stand_040__F10,final_bike_share_stand_040,bike_share_stand,F10,0.99999506,12.218804
final_bike_share_stand_040__F11,final_bike_share_stand_040,bike_share_stand,F11,0.99998959,11.472834
final_bike_share_stand_041__F00,final_bike_share_stand_041,bike_share_stand,F00,0.94893349,2.922210
final_bike_share_stand_041__F01,final_bike_share_stand_041,bike_share_stand,F01,0.99946391,7.530678
final_bike_share_stand_041__F10,final_bike_share_stand_041,bike_share_stand,F10,0.99997121,10.455325
final_bike_share_stand_041__F11,final_bike_share_stand_041,bike_share_stand,F11,0.99997719,10.688111
final_bike_share_stand_042__F00,final_bike_share_stand_042,bike_share_stand,F00,0.99092244,4.692831
final_bike_share_stand_042__F01,final_bike_share_stand_042,bike_share_stand,F01,0.99991792,9.407738
final_bike_share_stand_042__F10,final_bike_share_stand_042,bike_share_stand,F10,0.99999287,11.850555
final_bike_share_stand_042__F11,final_bike_share_stand_042,bike_share_stand,F11,0.99998966,11.479371
final_bike_share_stand_043__F00,final_bike_share_stand_043,bike_share_stand,F00,0.98368061,4.098947
final_bike_share_stand_043__F01,final_bike_share_stand_043,bike_share_stand,F01,0.99974760,8.284250
final_bike_share_stand_043__F10,final_bike_share_stand_043,bike_share_stand,F10,0.99998371,11.024836
final_bike_share_stand_043__F11,final_bike_share_stand_043,bike_share_stand,F11,0.99998556,11.145236
final_bike_share_stand_044__F00,final_bike_share_stand_044,bike_share_stand,F00,0.98932020,4.528664
final_bike_share_stand_044__F01,final_bike_share_stand_044,bike_share_stand,F01,0.99982056,8.625513
final_bike_share_stand_044__F10,final_bike_share_stand_044,bike_share_stand,F10,0.99999330,11.913926
final_bike_share_stand_044__F11,final_bike_share_stand_044,bike_share_stand,F11,0.99999110,11.629962
final_bike_share_stand_045__F00,final_bike_share_stand_045,bike_share_stand,F00,0.99048430,4.645251
final_bike_share_stand_045__F01,final_bike_share_stand_045,bike_share_stand,F01,0.99949711,7.594641
final_bike_share_stand_045__F10,final_bike_share_stand_045,bike_share_stand,F10,0.99997094,10.445978
final_bike_share_stand_045__F11,final_bike_share_stand_045,bike_share_stand,F11,0.99998348,11.010651
final_bike_share_stand_046__F00,final_bike_share_stand_046,bike_share_stand,F00,0.99262033,4.901619
final_bike_share_stand_046__F01,final_bike_share_stand_046,bike_share_stand,F01,0.99984666,8.782695
final_bike_share_stand_046__F10,final_bike_share_stand_046,bike_share_stand,F10,0.99999017,11.530309
final_bike_share_stand_046__F11,final_bike_share_stand_046,bike_share_stand,F11,0.99998765,11.301559
final_bike_share_stand_047__F00,final_bike_share_stand_047,bike_share_stand,F00,0.95985287,3.174229
final_bike_share_stand_047__F01,final_bike_share_stand_047,bike_share_stand,F01,0.99972502,8.198547
final_bike_share_stand_047__F10,final_bike_share_stand_047,bike_share_stand,F10,0.99998483,11.095993
final_bike_share_stand_047__F11,final_bike_share_stand_047,bike_share_stand,F11,0.99998647,11.210653
final_bike_share_stand_048__F00,final_bike_share_stand_048,bike_share_stand,F00,0.99463697,5.222849
final_bike_share_stand_048__F01,final_bike_share_stand_048,bike_share_stand,F01,0.99996090,10.149277
final_bike_share_stand_048__F10,final_bike_share_stand_048,bike_share_stand,F10,0.99999570,12.357514
final_bike_share_stand_048__F11,final_bike_share_stand_048,bike_share_stand,F11,0.99999759,12.934095
final_bike_share_stand_049__F00,final_bike_share_stand_049,bike_share_stand,F00,0.98850481,4.454264
final_bike_share_stand_049__F01,final_bike_share_stand_049,bike_share_stand,F01,0.99914355,7.061860
final_bike_share_stand_049__F10,final_bike_share_stand_049,bike_share_stand,F10,0.99997182,10.476752
final_bike_share_stand_049__F11,final_bike_share_stand_049,bike_share_stand,F11,0.99995364,9.979091
final_bike_share_stand_050__F00,final_bike_share_stand_050,bike_share_stand,F00,0.97013518,3.480754
final_bike_share_stand_050__F01,final_bike_share_stand_050,bike_share_stand,F01,0.99969544,8.096336
final_bike_share_stand_050__F10,final_bike_share_stand_050,bike_share_stand,F10,0.99997619,10.645349
final_bike_share_stand_050__F11,final_bike_share_stand_050,bike_share_stand,F11,0.99999315,11.891773
final_bike_share_stand_051__F00,final_bike_share_stand_051,bike_share_stand,F00,0.99953100,7.664449
final_bike_share_stand_051__F01,final_bike_share_stand_051,bike_share_stand,F01,0.99997259,10.504750
final_bike_share_stand_051__F10,final_bike_share_stand_051,bike_share_stand,F10,0.99999536,12.279995
final_bike_share_stand_051__F11,final_bike_share_stand_051,bike_share_stand,F11,0.99999280,11.841084
final_bike_share_stand_052__F00,final_bike_share_stand_052,bike_share_stand,F00,0.98837936,4.443284
final_bike_share_stand_052__F01,final_bike_share_stand_052,bike_share_stand,F01,0.99977950,8.419395
final_bike_share_stand_052__F10,final_bike_share_stand_052,bike_share_stand,F10,0.99998451,11.075035
final_bike_share_stand_052__F11,final_bike_share_stand_052,bike_share_stand,F11,0.99998211,10.931385
final_bike_share_stand_053__F00,final_bike_share_stand_053,bike_share_stand,F00,0.98319189,4.068943
final_bike_share_stand_053__F01,final_bike_share_stand_053,bike_share_stand,F01,0.99926518,7.215145
final_bike_share_stand_053__F10,final_bike_share_stand_053,bike_share_stand,F10,0.99998035,10.837389
final_bike_share_stand_053__F11,final_bike_share_stand_053,bike_share_stand,F11,0.99995543,10.018318
final_bike_share_stand_054__F00,final_bike_share_stand_054,bike_share_stand,F00,0.98474169,4.167255
final_bike_share_stand_054__F01,final_bike_share_stand_054,bike_share_stand,F01,0.99956706,7.744472
final_bike_share_stand_054__F10,final_bike_share_stand_054,bike_share_stand,F10,0.99996868,10.371158
final_bike_share_stand_054__F11,final_bike_share_stand_054,bike_share_stand,F11,0.99996438,10.242485
final_bike_share_stand_055__F00,final_bike_share_stand_055,bike_share_stand,F00,0.96104358,3.205576
final_bike_share_stand_055__F01,final_bike_share_stand_055,bike_share_stand,F01,0.99960634,7.839625
final_bike_share_stand_055__F10,final_bike_share_stand_055,bike_share_stand,F10,0.99994816,9.867201
final_bike_share_stand_055__F11,final_bike_share_stand_055,bike_share_stand,F11,0.99996790,10.346592
final_bike_share_stand_056__F00,final_bike_share_stand_056,bike_share_stand,F00,0.99126280,4.731389
final_bike_share_stand_056__F01,final_bike_share_stand_056,bike_share_stand,F01,0.99987600,8.995086
final_bike_share_stand_056__F10,final_bike_share_stand_056,bike_share_stand,F10,0.99998593,11.171313
final_bike_share_stand_056__F11,final_bike_share_stand_056,bike_share_stand,F11,0.99997874,10.758708
final_bike_share_stand_057__F00,final_bike_share_stand_057,bike_share_stand,F00,0.98414925,4.128561
final_bike_share_stand_057__F01,final_bike_share_stand_057,bike_share_stand,F01,0.99965218,7.963488
final_bike_share_stand_057__F10,final_bike_share_stand_057,bike_share_stand,F10,0.99997133,10.459544
final_bike_share_stand_057__F11,final_bike_share_stand_057,bike_share_stand,F11,0.99997138,10.461366
final_bike_share_stand_058__F00,final_bike_share_stand_058,bike_share_stand,F00,0.99017782,4.613242
final_bike_share_stand_058__F01,final_bike_share_stand_058,bike_share_stand,F01,0.99991146,9.331925
final_bike_share_stand_058__F10,final_bike_share_stand_058,bike_share_stand,F10,0.99999325,11.905565
final_bike_share_stand_058__F11,final_bike_share_stand_058,bike_share_stand,F11,0.99999218,11.759131
final_bike_share_stand_059__F00,final_bike_share_stand_059,bike_share_stand,F00,0.99110130,4.712911
final_bike_share_stand_059__F01,final_bike_share_stand_059,bike_share_stand,F01,0.99981206,8.579201
final_bike_share_stand_059__F10,final_bike_share_stand_059,bike_share_stand,F10,0.99997896,10.769009
final_bike_share_stand_059__F11,final_bike_share_stand_059,bike_share_stand,F11,0.99997977,10.808438
final_bike_share_stand_060__F00,final_bike_share_stand_060,bike_share_stand,F00,0.99392279,5.097114
final_bike_share_stand_060__F01,final_bike_share_stand_060,bike_share_stand,F01,0.99988445,9.065699
final_bike_share_stand_060__F10,final_bike_share_stand_060,bike_share_stand,F10,0.99999423,12.062190
final_bike_share_stand_060__F11,final_bike_share_stand_060,bike_share_stand,F11,0.99999383,11.995087
final_bike_share_stand_061__F00,final_bike_share_stand_061,bike_share_stand,F00,0.97811386,3.799773
final_bike_share_stand_061__F01,final_bike_share_stand_061,bike_share_stand,F01,0.99961620,7.864997
final_bike_share_stand_061__F10,final_bike_share_stand_061,bike_share_stand,F10,0.99997671,10.667590
final_bike_share_stand_061__F11,final_bike_share_stand_061,bike_share_stand,F11,0.99996098,10.151279
final_bike_share_stand_062__F00,final_bike_share_stand_062,bike_share_stand,F00,0.99014630,4.610006
final_bike_share_stand_062__F01,final_bike_share_stand_062,bike_share_stand,F01,0.99990727,9.285677
final_bike_share_stand_062__F10,final_bike_share_stand_062,bike_share_stand,F10,0.99998878,11.398180
final_bike_share_stand_062__F11,final_bike_share_stand_062,bike_share_stand,F11,0.99999545,12.299937
final_bike_share_stand_063__F00,final_bike_share_stand_063,bike_share_stand,F00,0.99953100,7.664449
final_bike_share_stand_063__F01,final_bike_share_stand_063,bike_share_stand,F01,0.99998536,11.132000
final_bike_share_stand_063__F10,final_bike_share_stand_063,bike_share_stand,F10,0.99999827,13.264995
final_bike_share_stand_063__F11,final_bike_share_stand_063,bike_share_stand,F11,0.99999441,12.095063
final_bike_share_stand_064__F00,final_bike_share_stand_064,bike_share_stand,F00,0.98868641,4.470373
final_bike_share_stand_064__F01,final_bike_share_stand_064,bike_share_stand,F01,0.99977386,8.394115
final_bike_share_stand_064__F10,final_bike_share_stand_064,bike_share_stand,F10,0.99999504,12.213841
final_bike_share_stand_064__F11,final_bike_share_stand_064,bike_share_stand,F11,0.99999547,12.304062
final_bike_share_stand_065__F00,final_bike_share_stand_065,bike_share_stand,F00,0.97904819,3.844356
final_bike_share_stand_065__F01,final_bike_share_stand_065,bike_share_stand,F01,0.99952222,7.645878
final_bike_share_stand_065__F10,final_bike_share_stand_065,bike_share_stand,F10,0.99996998,10.413452
final_bike_share_stand_065__F11,final_bike_share_stand_065,bike_share_stand,F11,0.99996525,10.267183
final_bike_share_stand_066__F00,final_bike_share_stand_066,bike_share_stand,F00,0.99096517,4.697592
final_bike_share_stand_066__F01,final_bike_share_stand_066,bike_share_stand,F01,0.99981642,8.602703
final_bike_share_stand_066__F10,final_bike_share_stand_066,bike_share_stand,F10,0.99999135,11.658435
final_bike_share_stand_066__F11,final_bike_share_stand_066,bike_share_stand,F11,0.99998881,11.400753
final_bike_share_stand_067__F00,final_bike_share_stand_067,bike_share_stand,F00,0.97829130,3.808094
final_bike_share_stand_067__F01,final_bike_share_stand_067,bike_share_stand,F01,0.99964286,7.937013
final_bike_share_stand_067__F10,final_bike_share_stand_067,bike_share_stand,F10,0.99997625,10.647876
final_bike_share_stand_067__F11,final_bike_share_stand_067,bike_share_stand,F11,0.99997670,10.667138
final_bike_share_stand_068__F00,final_bike_share_stand_068,bike_share_stand,F00,0.99615084,5.556045
final_bike_share_stand_068__F01,final_bike_share_stand_068,bike_share_stand,F01,0.99997204,10.484593
final_bike_share_stand_068__F10,final_bike_share_stand_068,bike_share_stand,F10,0.99999755,12.918010
final_bike_share_stand_068__F11,final_bike_share_stand_068,bike_share_stand,F11,0.99999571,12.359442
final_bike_share_stand_069__F00,final_bike_share_stand_069,bike_share_stand,F00,0.97211339,3.551326
final_bike_share_stand_069__F01,final_bike_share_stand_069,bike_share_stand,F01,0.99924003,7.181477
final_bike_share_stand_069__F10,final_bike_share_stand_069,bike_share_stand,F10,0.99988295,9.052757
final_bike_share_stand_069__F11,final_bike_share_stand_069,bike_share_stand,F11,0.99980545,8.544637
final_bike_share_stand_070__F00,final_bike_share_stand_070,bike_share_stand,F00,0.99426894,5.156108
final_bike_share_stand_070__F01,final_bike_share_stand_070,bike_share_stand,F01,0.99997943,10.791635
final_bike_share_stand_070__F10,final_bike_share_stand_070,bike_share_stand,F10,0.99999844,13.370073
final_bike_share_stand_070__F11,final_bike_share_stand_070,bike_share_stand,F11,0.99999744,12.873796
final_bike_share_stand_071__F00,final_bike_share_stand_071,bike_share_stand,F00,0.98816525,4.424810
final_bike_share_stand_071__F01,final_bike_share_stand_071,bike_share_stand,F01,0.99954089,7.685759
final_bike_share_stand_071__F10,final_bike_share_stand_071,bike_share_stand,F10,0.99997024,10.422437
final_bike_share_stand_071__F11,final_bike_share_stand_071,bike_share_stand,F11,0.99993046,9.573509
final_bike_share_stand_072__F00,final_bike_share_stand_072,bike_share_stand,F00,0.99482587,5.258897
final_bike_share_stand_072__F01,final_bike_share_stand_072,bike_share_stand,F01,0.99988702,9.088152
final_bike_share_stand_072__F10,final_bike_share_stand_072,bike_share_stand,F10,0.99999259,11.812975
final_bike_share_stand_072__F11,final_bike_share_stand_072,bike_share_stand,F11,0.99999368,11.972558
final_bike_share_stand_073__F00,final_bike_share_stand_073,bike_share_stand,F00,0.99039834,4.636171
final_bike_share_stand_073__F01,final_bike_share_stand_073,bike_share_stand,F01,0.99980007,8.517325
final_bike_share_stand_073__F10,final_bike_share_stand_073,bike_share_stand,F10,0.99998247,10.951390
final_bike_share_stand_073__F11,final_bike_share_stand_073,bike_share_stand,F11,0.99997471,10.585105
final_bike_share_stand_074__F00,final_bike_share_stand_074,bike_share_stand,F00,0.99520674,5.335740
final_bike_share_stand_074__F01,final_bike_share_stand_074,bike_share_stand,F01,0.99986439,8.905557
final_bike_share_stand_074__F10,final_bike_share_stand_074,bike_share_stand,F10,0.99998938,11.453181
final_bike_share_stand_074__F11,final_bike_share_stand_074,bike_share_stand,F11,0.99999032,11.544934
final_bike_share_stand_075__F00,final_bike_share_stand_075,bike_share_stand,F00,0.98979456,4.574576
final_bike_share_stand_075__F01,final_bike_share_stand_075,bike_share_stand,F01,0.99976485,8.355046
final_bike_share_stand_075__F10,final_bike_share_stand_075,bike_share_stand,F10,0.99998668,11.226289
final_bike_share_stand_075__F11,final_bike_share_stand_075,bike_share_stand,F11,0.99998629,11.197124
final_bike_share_stand_076__F00,final_bike_share_stand_076,bike_share_stand,F00,0.99400366,5.110591
final_bike_share_stand_076__F01,final_bike_share_stand_076,bike_share_stand,F01,0.99995917,10.105948
final_bike_share_stand_076__F10,final_bike_share_stand_076,bike_share_stand,F10,0.99999699,12.713997
final_bike_share_stand_076__F11,final_bike_share_stand_076,bike_share_stand,F11,0.99999380,11.990307
final_bike_share_stand_077__F00,final_bike_share_stand_077,bike_share_stand,F00,0.95732440,3.110515
final_bike_share_stand_077__F01,final_bike_share_stand_077,bike_share_stand,F01,0.99825453,6.348984
final_bike_share_stand_077__F10,final_bike_share_stand_077,bike_share_stand,F10,0.99971526,8.163658
final_bike_share_stand_077__F11,final_bike_share_stand_077,bike_share_stand,F11,0.99972688,8.205317
final_bike_share_stand_078__F00,final_bike_share_stand_078,bike_share_stand,F00,0.99215437,4.839922
final_bike_share_stand_078__F01,final_bike_share_stand_078,bike_share_stand,F01,0.99994632,9.832427
final_bike_share_stand_078__F10,final_bike_share_stand_078,bike_share_stand,F10,0.99999813,13.190616
final_bike_share_stand_078__F11,final_bike_share_stand_078,bike_share_stand,F11,0.99999873,13.574972
final_bike_share_stand_079__F00,final_bike_share_stand_079,bike_share_stand,F00,0.99928885,7.247913
final_bike_share_stand_079__F01,final_bike_share_stand_079,bike_share_stand,F01,0.99997914,10.777543
final_bike_share_stand_079__F10,final_bike_share_stand_079,bike_share_stand,F10,0.99999411,12.041498
final_bike_share_stand_079__F11,final_bike_share_stand_079,bike_share_stand,F11,0.99998994,11.507203
final_bike_share_stand_080__F00,final_bike_share_stand_080,bike_share_stand,F00,0.98620705,4.269709
final_bike_share_stand_080__F01,final_bike_share_stand_080,bike_share_stand,F01,0.99995859,10.091861
final_bike_share_stand_080__F10,final_bike_share_stand_080,bike_share_stand,F10,0.99999591,12.407046
final_bike_share_stand_080__F11,final_bike_share_stand_080,bike_share_stand,F11,0.99999808,13.163002
final_bike_share_stand_081__F00,final_bike_share_stand_081,bike_share_stand,F00,0.99917171,7.095318
final_bike_share_stand_081__F01,final_bike_share_stand_081,bike_share_stand,F01,0.99992470,9.493993
final_bike_share_stand_081__F10,final_bike_share_stand_081,bike_share_stand,F10,0.99999427,12.069129
final_bike_share_stand_081__F11,final_bike_share_stand_081,bike_share_stand,F11,0.99998444,11.070746
final_bike_share_stand_082__F00,final_bike_share_stand_082,bike_share_stand,F00,0.99036753,4.632937
final_bike_share_stand_082__F01,final_bike_share_stand_082,bike_share_stand,F01,0.99990670,9.279591
final_bike_share_stand_082__F10,final_bike_share_stand_082,bike_share_stand,F10,0.99999528,12.263090
final_bike_share_stand_082__F11,final_bike_share_stand_082,bike_share_stand,F11,0.99999180,11.711962
final_bike_share_stand_083__F00,final_bike_share_stand_083,bike_share_stand,F00,0.95985287,3.174229
final_bike_share_stand_083__F01,final_bike_share_stand_083,bike_share_stand,F01,0.99975081,8.297050
final_bike_share_stand_083__F10,final_bike_share_stand_083,bike_share_stand,F10,0.99996320,10.209945
final_bike_share_stand_083__F11,final_bike_share_stand_083,bike_share_stand,F11,0.99997047,10.430135
final_bike_share_stand_084__F00,final_bike_share_stand_084,bike_share_stand,F00,0.99346648,5.024254
final_bike_share_stand_084__F01,final_bike_share_stand_084,bike_share_stand,F01,0.99986565,8.914923
final_bike_share_stand_084__F10,final_bike_share_stand_084,bike_share_stand,F10,0.99999247,11.796805
final_bike_share_stand_084__F11,final_bike_share_stand_084,bike_share_stand,F11,0.99998758,11.296039
final_bike_share_stand_085__F00,final_bike_share_stand_085,bike_share_stand,F00,0.95911695,3.155298
final_bike_share_stand_085__F01,final_bike_share_stand_085,bike_share_stand,F01,0.99941547,7.444117
final_bike_share_stand_085__F10,final_bike_share_stand_085,bike_share_stand,F10,0.99997869,10.756409
final_bike_share_stand_085__F11,final_bike_share_stand_085,bike_share_stand,F11,0.99997986,10.812777
final_bike_share_stand_086__F00,final_bike_share_stand_086,bike_share_stand,F00,0.98622356,4.270923
final_bike_share_stand_086__F01,final_bike_share_stand_086,bike_share_stand,F01,0.99988157,9.041099
final_bike_share_stand_086__F10,final_bike_share_stand_086,bike_share_stand,F10,0.99998960,11.473349
final_bike_share_stand_086__F11,final_bike_share_stand_086,bike_share_stand,F11,0.99999592,12.410209
final_bike_share_stand_087__F00,final_bike_share_stand_087,bike_share_stand,F00,0.99953100,7.664449
final_bike_share_stand_087__F01,final_bike_share_stand_087,bike_share_stand,F01,0.99997936,10.788033
final_bike_share_stand_087__F10,final_bike_share_stand_087,bike_share_stand,F10,0.99999810,13.174722
final_bike_share_stand_087__F11,final_bike_share_stand_087,bike_share_stand,F11,0.99999418,12.054708
final_bike_share_stand_088__F00,final_bike_share_stand_088,bike_share_stand,F00,0.98837936,4.443284
final_bike_share_stand_088__F01,final_bike_share_stand_088,bike_share_stand,F01,0.99987578,8.993365
final_bike_share_stand_088__F10,final_bike_share_stand_088,bike_share_stand,F10,0.99998756,11.294972
final_bike_share_stand_088__F11,final_bike_share_stand_088,bike_share_stand,F11,0.99999549,12.308602
final_bike_share_stand_089__F00,final_bike_share_stand_089,bike_share_stand,F00,0.97904819,3.844356
final_bike_share_stand_089__F01,final_bike_share_stand_089,bike_share_stand,F01,0.99918463,7.111058
final_bike_share_stand_089__F10,final_bike_share_stand_089,bike_share_stand,F10,0.99997760,10.706593
final_bike_share_stand_089__F11,final_bike_share_stand_089,bike_share_stand,F11,0.99994547,9.816687
final_bike_share_stand_090__F00,final_bike_share_stand_090,bike_share_stand,F00,0.99096517,4.697592
final_bike_share_stand_090__F01,final_bike_share_stand_090,bike_share_stand,F01,0.99987479,8.985395
final_bike_share_stand_090__F10,final_bike_share_stand_090,bike_share_stand,F10,0.99998297,10.980725
final_bike_share_stand_090__F11,final_bike_share_stand_090,bike_share_stand,F11,0.99998962,11.475692
final_bike_share_stand_091__F00,final_bike_share_stand_091,bike_share_stand,F00,0.98436583,4.142539
final_bike_share_stand_091__F01,final_bike_share_stand_091,bike_share_stand,F01,0.99973509,8.235846
final_bike_share_stand_091__F10,final_bike_share_stand_091,bike_share_stand,F10,0.99996911,10.385012
final_bike_share_stand_091__F11,final_bike_share_stand_091,bike_share_stand,F11,0.99995974,10.120223
final_bike_share_stand_092__F00,final_bike_share_stand_092,bike_share_stand,F00,0.98932020,4.528664
final_bike_share_stand_092__F01,final_bike_share_stand_092,bike_share_stand,F01,0.99989808,9.191251
final_bike_share_stand_092__F10,final_bike_share_stand_092,bike_share_stand,F10,0.99999310,11.884509
final_bike_share_stand_092__F11,final_bike_share_stand_092,bike_share_stand,F11,0.99998481,11.094980
final_bike_share_stand_093__F00,final_bike_share_stand_093,bike_share_stand,F00,0.97553228,3.685629
final_bike_share_stand_093__F01,final_bike_share_stand_093,bike_share_stand,F01,0.99955423,7.715261
final_bike_share_stand_093__F10,final_bike_share_stand_093,bike_share_stand,F10,0.99996507,10.262011
final_bike_share_stand_093__F11,final_bike_share_stand_093,bike_share_stand,F11,0.99996741,10.331369
final_bike_share_stand_094__F00,final_bike_share_stand_094,bike_share_stand,F00,0.99036753,4.632937
final_bike_share_stand_094__F01,final_bike_share_stand_094,bike_share_stand,F01,0.99993679,9.669002
final_bike_share_stand_094__F10,final_bike_share_stand_094,bike_share_stand,F10,0.99998979,11.492374
final_bike_share_stand_094__F11,final_bike_share_stand_094,bike_share_stand,F11,0.99999277,11.836578
final_bike_share_stand_095__F00,final_bike_share_stand_095,bike_share_stand,F00,0.98816525,4.424810
final_bike_share_stand_095__F01,final_bike_share_stand_095,bike_share_stand,F01,0.99976851,8.370750
final_bike_share_stand_095__F10,final_bike_share_stand_095,bike_share_stand,F10,0.99997696,10.678155
final_bike_share_stand_095__F11,final_bike_share_stand_095,bike_share_stand,F11,0.99996824,10.357322
final_bike_share_stand_096__F00,final_bike_share_stand_096,bike_share_stand,F00,0.99463697,5.222849
final_bike_share_stand_096__F01,final_bike_share_stand_096,bike_share_stand,F01,0.99992123,9.448936
final_bike_share_stand_096__F10,final_bike_share_stand_096,bike_share_stand,F10,0.99999560,12.334646
final_bike_share_stand_096__F11,final_bike_share_stand_096,bike_share_stand,F11,0.99999811,13.179292
final_bike_share_stand_097__F00,final_bike_share_stand_097,bike_share_stand,F00,0.99780067,6.117403
final_bike_share_stand_097__F01,final_bike_share_stand_097,bike_share_stand,F01,0.99984050,8.743289
final_bike_share_stand_097__F10,final_bike_share_stand_097,bike_share_stand,F10,0.99991960,9.428406
final_bike_share_stand_097__F11,final_bike_share_stand_097,bike_share_stand,F11,0.99977262,8.388652
final_bike_share_stand_098__F00,final_bike_share_stand_098,bike_share_stand,F00,0.98342123,4.082915
final_bike_share_stand_098__F01,final_bike_share_stand_098,bike_share_stand,F01,0.99985233,8.820410
final_bike_share_stand_098__F10,final_bike_share_stand_098,bike_share_stand,F10,0.99998736,11.278473
final_bike_share_stand_098__F11,final_bike_share_stand_098,bike_share_stand,F11,0.99999188,11.721055
final_bike_share_stand_099__F00,final_bike_share_stand_099,bike_share_stand,F00,0.98969047,4.564323
final_bike_share_stand_099__F01,final_bike_share_stand_099,bike_share_stand,F01,0.99968895,8.075257
final_bike_share_stand_099__F10,final_bike_share_stand_099,bike_share_stand,F10,0.99999483,12.172806
final_bike_share_stand_099__F11,final_bike_share_stand_099,bike_share_stand,F11,0.99998000,10.819794
final_bike_share_stand_100__F00,final_bike_share_stand_100,bike_share_stand,F00,0.99400366,5.110591
final_bike_share_stand_100__F01,final_bike_share_stand_100,bike_share_stand,F01,0.99996274,10.197482
final_bike_share_stand_100__F10,final_bike_share_stand_100,bike_share_stand,F10,0.99999753,12.910249
final_bike_share_stand_100__F11,final_bike_share_stand_100,bike_share_stand,F11,0.99999641,12.537193
final_bike_share_stand_101__F00,final_bike_share_stand_101,bike_share_stand,F00,0.95727265,3.109249
final_bike_share_stand_101__F01,final_bike_share_stand_101,bike_share_stand,F01,0.99949718,7.594769
final_bike_share_stand_101__F10,final_bike_share_stand_101,bike_share_stand,F10,0.99994078,9.734264
final_bike_share_stand_101__F11,final_bike_share_stand_101,bike_share_stand,F11,0.99993915,9.707094
final_bike_share_stand_102__F00,final_bike_share_stand_102,bike_share_stand,F00,0.98399878,4.118960
final_bike_share_stand_102__F01,final_bike_share_stand_102,bike_share_stand,F01,0.99980106,8.522317
final_bike_share_stand_102__F10,final_bike_share_stand_102,bike_share_stand,F10,0.99997187,10.478699
final_bike_share_stand_102__F11,final_bike_share_stand_102,bike_share_stand,F11,0.99997362,10.542711
final_bike_share_stand_103__F00,final_bike_share_stand_103,bike_share_stand,F00,0.97829130,3.808094
final_bike_share_stand_103__F01,final_bike_share_stand_103,bike_share_stand,F01,0.99968376,8.058708
final_bike_share_stand_103__F10,final_bike_share_stand_103,bike_share_stand,F10,0.99996301,10.204778
final_bike_share_stand_103__F11,final_bike_share_stand_103,bike_share_stand,F11,0.99997742,10.698293
final_bike_share_stand_104__F00,final_bike_share_stand_104,bike_share_stand,F00,0.98895059,4.494267
final_bike_share_stand_104__F01,final_bike_share_stand_104,bike_share_stand,F01,0.99991620,9.387029
final_bike_share_stand_104__F10,final_bike_share_stand_104,bike_share_stand,F10,0.99998476,11.091661
final_bike_share_stand_104__F11,final_bike_share_stand_104,bike_share_stand,F11,0.99998853,11.375360
final_bike_share_stand_105__F00,final_bike_share_stand_105,bike_share_stand,F00,0.98414925,4.128561
final_bike_share_stand_105__F01,final_bike_share_stand_105,bike_share_stand,F01,0.99971411,8.159621
final_bike_share_stand_105__F10,final_bike_share_stand_105,bike_share_stand,F10,0.99998099,10.870421
final_bike_share_stand_105__F11,final_bike_share_stand_105,bike_share_stand,F11,0.99997125,10.456951
final_bike_share_stand_106__F00,final_bike_share_stand_106,bike_share_stand,F00,0.97921804,3.852669
final_bike_share_stand_106__F01,final_bike_share_stand_106,bike_share_stand,F01,0.99972716,8.206365
final_bike_share_stand_106__F10,final_bike_share_stand_106,bike_share_stand,F10,0.99998898,11.416241
final_bike_share_stand_106__F11,final_bike_share_stand_106,bike_share_stand,F11,0.99998265,10.962025
final_bike_share_stand_107__F00,final_bike_share_stand_107,bike_share_stand,F00,0.95985287,3.174229
final_bike_share_stand_107__F01,final_bike_share_stand_107,bike_share_stand,F01,0.99976695,8.364034
final_bike_share_stand_107__F10,final_bike_share_stand_107,bike_share_stand,F10,0.99997646,10.656741
final_bike_share_stand_107__F11,final_bike_share_stand_107,bike_share_stand,F11,0.99998301,10.982978
final_bike_share_stand_108__F00,final_bike_share_stand_108,bike_share_stand,F00,0.99482587,5.258897
final_bike_share_stand_108__F01,final_bike_share_stand_108,bike_share_stand,F01,0.99997975,10.807215
final_bike_share_stand_108__F10,final_bike_share_stand_108,bike_share_stand,F10,0.99999772,12.992072
final_bike_share_stand_108__F11,final_bike_share_stand_108,bike_share_stand,F11,0.99999926,14.118394
final_bike_share_stand_109__F00,final_bike_share_stand_109,bike_share_stand,F00,0.99780067,6.117403
final_bike_share_stand_109__F01,final_bike_share_stand_109,bike_share_stand,F01,0.99996135,10.160951
final_bike_share_stand_109__F10,final_bike_share_stand_109,bike_share_stand,F10,0.99999607,12.446387
final_bike_share_stand_109__F11,final_bike_share_stand_109,bike_share_stand,F11,0.99999139,11.663034
final_bike_share_stand_110__F00,final_bike_share_stand_110,bike_share_stand,F00,0.99030765,4.626679
final_bike_share_stand_110__F01,final_bike_share_stand_110,bike_share_stand,F01,0.99988706,9.088542
final_bike_share_stand_110__F10,final_bike_share_stand_110,bike_share_stand,F10,0.99999291,11.856402
final_bike_share_stand_110__F11,final_bike_share_stand_110,bike_share_stand,F11,0.99999092,11.609709
final_bike_share_stand_111__F00,final_bike_share_stand_111,bike_share_stand,F00,0.97503425,3.664968
final_bike_share_stand_111__F01,final_bike_share_stand_111,bike_share_stand,F01,0.99966100,7.989176
final_bike_share_stand_111__F10,final_bike_share_stand_111,bike_share_stand,F10,0.99998076,10.858627
final_bike_share_stand_111__F11,final_bike_share_stand_111,bike_share_stand,F11,0.99998609,11.182914
final_bike_share_stand_112__F00,final_bike_share_stand_112,bike_share_stand,F00,0.98726954,4.350946
final_bike_share_stand_112__F01,final_bike_share_stand_112,bike_share_stand,F01,0.99990168,9.227206
final_bike_share_stand_112__F10,final_bike_share_stand_112,bike_share_stand,F10,0.99999340,11.928514
final_bike_share_stand_112__F11,final_bike_share_stand_112,bike_share_stand,F11,0.99999729,12.818580
final_bike_share_stand_113__F00,final_bike_share_stand_113,bike_share_stand,F00,0.99851125,6.508329
final_bike_share_stand_113__F01,final_bike_share_stand_113,bike_share_stand,F01,0.99996821,10.356457
final_bike_share_stand_113__F10,final_bike_share_stand_113,bike_share_stand,F10,0.99999493,12.192022
final_bike_share_stand_113__F11,final_bike_share_stand_113,bike_share_stand,F11,0.99998824,11.350450
final_bike_share_stand_114__F00,final_bike_share_stand_114,bike_share_stand,F00,0.99312917,4.973576
final_bike_share_stand_114__F01,final_bike_share_stand_114,bike_share_stand,F01,0.99989928,9.203025
final_bike_share_stand_114__F10,final_bike_share_stand_114,bike_share_stand,F10,0.99998848,11.371001
final_bike_share_stand_114__F11,final_bike_share_stand_114,bike_share_stand,F11,0.99999310,11.884213
final_bike_share_stand_115__F00,final_bike_share_stand_115,bike_share_stand,F00,0.98592094,4.248888
final_bike_share_stand_115__F01,final_bike_share_stand_115,bike_share_stand,F01,0.99950315,7.606717
final_bike_share_stand_115__F10,final_bike_share_stand_115,bike_share_stand,F10,0.99995087,9.921014
final_bike_share_stand_115__F11,final_bike_share_stand_115,bike_share_stand,F11,0.99990875,9.301777
final_bike_share_stand_116__F00,final_bike_share_stand_116,bike_share_stand,F00,0.98950969,4.546757
final_bike_share_stand_116__F01,final_bike_share_stand_116,bike_share_stand,F01,0.99983750,8.724642
final_bike_share_stand_116__F10,final_bike_share_stand_116,bike_share_stand,F10,0.99997848,10.746434
final_bike_share_stand_116__F11,final_bike_share_stand_116,bike_share_stand,F11,0.99998138,10.891002
final_bike_share_stand_117__F00,final_bike_share_stand_117,bike_share_stand,F00,0.98414925,4.128561
final_bike_share_stand_117__F01,final_bike_share_stand_117,bike_share_stand,F01,0.99968319,8.056902
final_bike_share_stand_117__F10,final_bike_share_stand_117,bike_share_stand,F10,0.99994699,9.844946
final_bike_share_stand_117__F11,final_bike_share_stand_117,bike_share_stand,F11,0.99994144,9.745337
final_bike_share_stand_118__F00,final_bike_share_stand_118,bike_share_stand,F00,0.99426894,5.156108
final_bike_share_stand_118__F01,final_bike_share_stand_118,bike_share_stand,F01,0.99996417,10.236621
final_bike_share_stand_118__F10,final_bike_share_stand_118,bike_share_stand,F10,0.99999782,13.034555
final_bike_share_stand_118__F11,final_bike_share_stand_118,bike_share_stand,F11,0.99999735,12.840560
final_bike_share_stand_119__F00,final_bike_share_stand_119,bike_share_stand,F00,0.99250945,4.886594
final_bike_share_stand_119__F01,final_bike_share_stand_119,bike_share_stand,F01,0.99956140,7.731480
final_bike_share_stand_119__F10,final_bike_share_stand_119,bike_share_stand,F10,0.99995147,9.933252
final_bike_share_stand_119__F11,final_bike_share_stand_119,bike_share_stand,F11,0.99991238,9.342451
final_orchard_picking_lane_000__F00,final_orchard_picking_lane_000,orchard_picking_lane,F00,0.32008358,-0.753388
final_orchard_picking_lane_000__F01,final_orchard_picking_lane_000,orchard_picking_lane,F01,0.95092652,2.964118
final_orchard_picking_lane_000__F10,final_orchard_picking_lane_000,orchard_picking_lane,F10,0.99908020,6.990438
final_orchard_picking_lane_000__F11,final_orchard_picking_lane_000,orchard_picking_lane,F11,0.99712663,5.849392
final_orchard_picking_lane_001__F00,final_orchard_picking_lane_001,orchard_picking_lane,F00,0.04114878,-3.148542
final_orchard_picking_lane_001__F01,final_orchard_picking_lane_001,orchard_picking_lane,F01,0.68459825,0.774985
final_orchard_picking_lane_001__F10,final_orchard_picking_lane_001,orchard_picking_lane,F10,0.99181111,4.796754
final_orchard_picking_lane_001__F11,final_orchard_picking_lane_001,orchard_picking_lane,F11,0.98437145,4.142904
final_orchard_picking_lane_002__F00,final_orchard_picking_lane_002,orchard_picking_lane,F00,0.05732551,-2.799975
final_orchard_picking_lane_002__F01,final_orchard_picking_lane_002,orchard_picking_lane,F01,0.84351936,1.684651
final_orchard_picking_lane_002__F10,final_orchard_picking_lane_002,orchard_picking_lane,F10,0.99583217,5.476184
final_orchard_picking_lane_002__F11,final_orchard_picking_lane_002,orchard_picking_lane,F11,0.98928337,4.525184
final_orchard_picking_lane_003__F00,final_orchard_picking_lane_003,orchard_picking_lane,F00,0.00441399,-5.418553
final_orchard_picking_lane_003__F01,final_orchard_picking_lane_003,orchard_picking_lane,F01,0.23169322,-1.198775
final_orchard_picking_lane_003__F10,final_orchard_picking_lane_003,orchard_picking_lane,F10,0.88364509,2.027410
final_orchard_picking_lane_003__F11,final_orchard_picking_lane_003,orchard_picking_lane,F11,0.84157203,1.669972
final_orchard_picking_lane_004__F00,final_orchard_picking_lane_004,orchard_picking_lane,F00,0.18996291,-1.450251
final_orchard_picking_lane_004__F01,final_orchard_picking_lane_004,orchard_picking_lane,F01,0.94486977,2.841349
final_orchard_picking_lane_004__F10,final_orchard_picking_lane_004,orchard_picking_lane,F10,0.99706292,5.827397
final_orchard_picking_lane_004__F11,final_orchard_picking_lane_004,orchard_picking_lane,F11,0.99525066,5.344990
final_orchard_picking_lane_005__F00,final_orchard_picking_lane_005,orchard_picking_lane,F00,0.01451813,-4.217733
final_orchard_picking_lane_005__F01,final_orchard_picking_lane_005,orchard_picking_lane,F01,0.40204955,-0.396933
final_orchard_picking_lane_005__F10,final_orchard_picking_lane_005,orchard_picking_lane,F10,0.87172152,1.916266
final_orchard_picking_lane_005__F11,final_orchard_picking_lane_005,orchard_picking_lane,F11,0.76507830,1.180726
final_orchard_picking_lane_006__F00,final_orchard_picking_lane_006,orchard_picking_lane,F00,0.06194164,-2.717620
final_orchard_picking_lane_006__F01,final_orchard_picking_lane_006,orchard_picking_lane,F01,0.93777434,2.712742
final_orchard_picking_lane_006__F10,final_orchard_picking_lane_006,orchard_picking_lane,F10,0.99481222,5.256248
final_orchard_picking_lane_006__F11,final_orchard_picking_lane_006,orchard_picking_lane,F11,0.99459693,5.215370
final_orchard_picking_lane_007__F00,final_orchard_picking_lane_007,orchard_picking_lane,F00,0.21840252,-1.275000
final_orchard_picking_lane_007__F01,final_orchard_picking_lane_007,orchard_picking_lane,F01,0.97369544,3.611356
final_orchard_picking_lane_007__F10,final_orchard_picking_lane_007,orchard_picking_lane,F10,0.99772539,6.083667
final_orchard_picking_lane_007__F11,final_orchard_picking_lane_007,orchard_picking_lane,F11,0.99654140,5.663426
final_orchard_picking_lane_008__F00,final_orchard_picking_lane_008,orchard_picking_lane,F00,0.02994916,-3.477847
final_orchard_picking_lane_008__F01,final_orchard_picking_lane_008,orchard_picking_lane,F01,0.66203636,0.672382
final_orchard_picking_lane_008__F10,final_orchard_picking_lane_008,orchard_picking_lane,F10,0.98875786,4.476780
final_orchard_picking_lane_008__F11,final_orchard_picking_lane_008,orchard_picking_lane,F11,0.96808473,3.412235
final_orchard_picking_lane_009__F00,final_orchard_picking_lane_009,orchard_picking_lane,F00,0.01890414,-3.949289
final_orchard_picking_lane_009__F01,final_orchard_picking_lane_009,orchard_picking_lane,F01,0.58817144,0.356411
final_orchard_picking_lane_009__F10,final_orchard_picking_lane_009,orchard_picking_lane,F10,0.97931577,3.857483
final_orchard_picking_lane_009__F11,final_orchard_picking_lane_009,orchard_picking_lane,F11,0.95839901,3.137140
final_orchard_picking_lane_010__F00,final_orchard_picking_lane_010,orchard_picking_lane,F00,0.20523059,-1.353918
final_orchard_picking_lane_010__F01,final_orchard_picking_lane_010,orchard_picking_lane,F01,0.94418537,2.828287
final_orchard_picking_lane_010__F10,final_orchard_picking_lane_010,orchard_picking_lane,F10,0.99582696,5.474928
final_orchard_picking_lane_010__F11,final_orchard_picking_lane_010,orchard_picking_lane,F11,0.99361294,5.047074
final_orchard_picking_lane_011__F00,final_orchard_picking_lane_011,orchard_picking_lane,F00,0.02986345,-3.480802
final_orchard_picking_lane_011__F01,final_orchard_picking_lane_011,orchard_picking_lane,F01,0.66815397,0.699848
final_orchard_picking_lane_011__F10,final_orchard_picking_lane_011,orchard_picking_lane,F10,0.98022544,3.903386
final_orchard_picking_lane_011__F11,final_orchard_picking_lane_011,orchard_picking_lane,F11,0.95555749,3.068099
final_orchard_picking_lane_012__F00,final_orchard_picking_lane_012,orchard_picking_lane,F00,0.35733993,-0.586928
final_orchard_picking_lane_012__F01,final_orchard_picking_lane_012,orchard_picking_lane,F01,0.98643766,4.286803
final_orchard_picking_lane_012__F10,final_orchard_picking_lane_012,orchard_picking_lane,F10,0.99936363,7.359095
final_orchard_picking_lane_012__F11,final_orchard_picking_lane_012,orchard_picking_lane,F11,0.99888486,6.797662
final_orchard_picking_lane_013__F00,final_orchard_picking_lane_013,orchard_picking_lane,F00,0.02563173,-3.637958
final_orchard_picking_lane_013__F01,final_orchard_picking_lane_013,orchard_picking_lane,F01,0.48170202,-0.073225
final_orchard_picking_lane_013__F10,final_orchard_picking_lane_013,orchard_picking_lane,F10,0.97256090,3.567964
final_orchard_picking_lane_013__F11,final_orchard_picking_lane_013,orchard_picking_lane,F11,0.90992429,2.312711
final_orchard_picking_lane_014__F00,final_orchard_picking_lane_014,orchard_picking_lane,F00,0.05732551,-2.799975
final_orchard_picking_lane_014__F01,final_orchard_picking_lane_014,orchard_picking_lane,F01,0.88899730,2.080540
final_orchard_picking_lane_014__F10,final_orchard_picking_lane_014,orchard_picking_lane,F10,0.99563032,5.428685
final_orchard_picking_lane_014__F11,final_orchard_picking_lane_014,orchard_picking_lane,F11,0.99322131,4.987170
final_orchard_picking_lane_015__F00,final_orchard_picking_lane_015,orchard_picking_lane,F00,0.01062208,-4.534142
final_orchard_picking_lane_015__F01,final_orchard_picking_lane_015,orchard_picking_lane,F01,0.31823756,-0.761883
final_orchard_picking_lane_015__F10,final_orchard_picking_lane_015,orchard_picking_lane,F10,0.95865468,3.143572
final_orchard_picking_lane_015__F11,final_orchard_picking_lane_015,orchard_picking_lane,F11,0.88825964,2.073086
final_orchard_picking_lane_016__F00,final_orchard_picking_lane_016,orchard_picking_lane,F00,0.18996291,-1.450251
final_orchard_picking_lane_016__F01,final_orchard_picking_lane_016,orchard_picking_lane,F01,0.94674834,2.878004
final_orchard_picking_lane_016__F10,final_orchard_picking_lane_016,orchard_picking_lane,F10,0.99816494,6.298840
final_orchard_picking_lane_016__F11,final_orchard_picking_lane_016,orchard_picking_lane,F11,0.99665161,5.695922
final_orchard_picking_lane_017__F00,final_orchard_picking_lane_017,orchard_picking_lane,F00,0.03435596,-3.336020
final_orchard_picking_lane_017__F01,final_orchard_picking_lane_017,orchard_picking_lane,F01,0.47079452,-0.116955
final_orchard_picking_lane_017__F10,final_orchard_picking_lane_017,orchard_picking_lane,F10,0.96230631,3.239840
final_orchard_picking_lane_017__F11,final_orchard_picking_lane_017,orchard_picking_lane,F11,0.88107962,2.002694
final_orchard_picking_lane_018__F00,final_orchard_picking_lane_018,orchard_picking_lane,F00,0.03285686,-3.382186
final_orchard_picking_lane_018__F01,final_orchard_picking_lane_018,orchard_picking_lane,F01,0.76695891,1.191218
final_orchard_picking_lane_018__F10,final_orchard_picking_lane_018,orchard_picking_lane,F10,0.98366081,4.097715
final_orchard_picking_lane_018__F11,final_orchard_picking_lane_018,orchard_picking_lane,F11,0.99364046,5.051419
final_orchard_picking_lane_019__F00,final_orchard_picking_lane_019,orchard_picking_lane,F00,0.21840252,-1.275000
final_orchard_picking_lane_019__F01,final_orchard_picking_lane_019,orchard_picking_lane,F01,0.97579380,3.696642
final_orchard_picking_lane_019__F10,final_orchard_picking_lane_019,orchard_picking_lane,F10,0.99857108,6.549409
final_orchard_picking_lane_019__F11,final_orchard_picking_lane_019,orchard_picking_lane,F11,0.99724686,5.892256
final_orchard_picking_lane_020__F00,final_orchard_picking_lane_020,orchard_picking_lane,F00,0.02215716,-3.787188
final_orchard_picking_lane_020__F01,final_orchard_picking_lane_020,orchard_picking_lane,F01,0.47462645,-0.101581
final_orchard_picking_lane_020__F10,final_orchard_picking_lane_020,orchard_picking_lane,F10,0.95206355,2.988756
final_orchard_picking_lane_020__F11,final_orchard_picking_lane_020,orchard_picking_lane,F11,0.93235816,2.623490
final_orchard_picking_lane_021__F00,final_orchard_picking_lane_021,orchard_picking_lane,F00,0.02735248,-3.571215
final_orchard_picking_lane_021__F01,final_orchard_picking_lane_021,orchard_picking_lane,F01,0.53323891,0.133152
final_orchard_picking_lane_021__F10,final_orchard_picking_lane_021,orchard_picking_lane,F10,0.96464728,3.306387
final_orchard_picking_lane_021__F11,final_orchard_picking_lane_021,orchard_picking_lane,F11,0.96006370,3.179714
final_orchard_picking_lane_022__F00,final_orchard_picking_lane_022,orchard_picking_lane,F00,0.14149046,-1.802965
final_orchard_picking_lane_022__F01,final_orchard_picking_lane_022,orchard_picking_lane,F01,0.91569240,2.385208
final_orchard_picking_lane_022__F10,final_orchard_picking_lane_022,orchard_picking_lane,F10,0.99450941,5.199214
final_orchard_picking_lane_022__F11,final_orchard_picking_lane_022,orchard_picking_lane,F11,0.99430439,5.162349
final_orchard_picking_lane_023__F00,final_orchard_picking_lane_023,orchard_picking_lane,F00,0.04969385,-2.950903
final_orchard_picking_lane_023__F01,final_orchard_picking_lane_023,orchard_picking_lane,F01,0.64693308,0.605585
final_orchard_picking_lane_023__F10,final_orchard_picking_lane_023,orchard_picking_lane,F10,0.98656713,4.296527
final_orchard_picking_lane_023__F11,final_orchard_picking_lane_023,orchard_picking_lane,F11,0.97276492,3.575637
final_orchard_picking_lane_024__F00,final_orchard_picking_lane_024,orchard_picking_lane,F00,0.35733993,-0.586928
final_orchard_picking_lane_024__F01,final_orchard_picking_lane_024,orchard_picking_lane,F01,0.98337808,4.080272
final_orchard_picking_lane_024__F10,final_orchard_picking_lane_024,orchard_picking_lane,F10,0.99950015,7.600695
final_orchard_picking_lane_024__F11,final_orchard_picking_lane_024,orchard_picking_lane,F11,0.99857043,6.548950
final_orchard_picking_lane_025__F00,final_orchard_picking_lane_025,orchard_picking_lane,F00,0.04114878,-3.148542
final_orchard_picking_lane_025__F01,final_orchard_picking_lane_025,orchard_picking_lane,F01,0.63582709,0.557298
final_orchard_picking_lane_025__F10,final_orchard_picking_lane_025,orchard_picking_lane,F10,0.98383916,4.108872
final_orchard_picking_lane_025__F11,final_orchard_picking_lane_025,orchard_picking_lane,F11,0.96017132,3.182524
final_orchard_picking_lane_026__F00,final_orchard_picking_lane_026,orchard_picking_lane,F00,0.16853168,-1.596069
final_orchard_picking_lane_026__F01,final_orchard_picking_lane_026,orchard_picking_lane,F01,0.92151392,2.463097
final_orchard_picking_lane_026__F10,final_orchard_picking_lane_026,orchard_picking_lane,F10,0.99690040,5.773378
final_orchard_picking_lane_026__F11,final_orchard_picking_lane_026,orchard_picking_lane,F11,0.99604406,5.528573
final_orchard_picking_lane_027__F00,final_orchard_picking_lane_027,orchard_picking_lane,F00,0.01474721,-4.201844
final_orchard_picking_lane_027__F01,final_orchard_picking_lane_027,orchard_picking_lane,F01,0.26509559,-1.019650
final_orchard_picking_lane_027__F10,final_orchard_picking_lane_027,orchard_picking_lane,F10,0.94200617,2.787675
final_orchard_picking_lane_027__F11,final_orchard_picking_lane_027,orchard_picking_lane,F11,0.80527604,1.419602
final_orchard_picking_lane_028__F00,final_orchard_picking_lane_028,orchard_picking_lane,F00,0.04873298,-2.971439
final_orchard_picking_lane_028__F01,final_orchard_picking_lane_028,orchard_picking_lane,F01,0.77004355,1.208557
final_orchard_picking_lane_028__F10,final_orchard_picking_lane_028,orchard_picking_lane,F10,0.99139435,4.746693
final_orchard_picking_lane_028__F11,final_orchard_picking_lane_028,orchard_picking_lane,F11,0.98271141,4.040268
final_orchard_picking_lane_029__F00,final_orchard_picking_lane_029,orchard_picking_lane,F00,0.01451813,-4.217733
final_orchard_picking_lane_029__F01,final_orchard_picking_lane_029,orchard_picking_lane,F01,0.56348976,0.255337
final_orchard_picking_lane_029__F10,final_orchard_picking_lane_029,orchard_picking_lane,F10,0.97562736,3.689620
final_orchard_picking_lane_029__F11,final_orchard_picking_lane_029,orchard_picking_lane,F11,0.95601874,3.079014
final_orchard_picking_lane_030__F00,final_orchard_picking_lane_030,orchard_picking_lane,F00,0.09295843,-2.278036
final_orchard_picking_lane_030__F01,final_orchard_picking_lane_030,orchard_picking_lane,F01,0.95504254,3.056039
final_orchard_picking_lane_030__F10,final_orchard_picking_lane_030,orchard_picking_lane,F10,0.99695915,5.792572
final_orchard_picking_lane_030__F11,final_orchard_picking_lane_030,orchard_picking_lane,F11,0.99745419,5.970756
final_orchard_picking_lane_031__F00,final_orchard_picking_lane_031,orchard_picking_lane,F00,0.21840252,-1.275000
final_orchard_picking_lane_031__F01,final_orchard_picking_lane_031,orchard_picking_lane,F01,0.96418587,3.292942
final_orchard_picking_lane_031__F10,final_orchard_picking_lane_031,orchard_picking_lane,F10,0.99708666,5.835536
final_orchard_picking_lane_031__F11,final_orchard_picking_lane_031,orchard_picking_lane,F11,0.99527220,5.349556
final_orchard_picking_lane_032__F00,final_orchard_picking_lane_032,orchard_picking_lane,F00,0.05968963,-2.757052
final_orchard_picking_lane_032__F01,final_orchard_picking_lane_032,orchard_picking_lane,F01,0.62857846,0.526123
final_orchard_picking_lane_032__F10,final_orchard_picking_lane_032,orchard_picking_lane,F10,0.98253884,4.030161
final_orchard_picking_lane_032__F11,final_orchard_picking_lane_032,orchard_picking_lane,F11,0.96712225,3.381529
final_orchard_picking_lane_033__F00,final_orchard_picking_lane_033,orchard_picking_lane,F00,0.03142401,-3.428255
final_orchard_picking_lane_033__F01,final_orchard_picking_lane_033,orchard_picking_lane,F01,0.72773141,0.983143
final_orchard_picking_lane_033__F10,final_orchard_picking_lane_033,orchard_picking_lane,F10,0.98083560,3.935350
final_orchard_picking_lane_033__F11,final_orchard_picking_lane_033,orchard_picking_lane,F11,0.95308154,3.011289
final_orchard_picking_lane_034__F00,final_orchard_picking_lane_034,orchard_picking_lane,F00,0.16371329,-1.630855
final_orchard_picking_lane_034__F01,final_orchard_picking_lane_034,orchard_picking_lane,F01,0.88189222,2.010472
final_orchard_picking_lane_034__F10,final_orchard_picking_lane_034,orchard_picking_lane,F10,0.99577845,5.463322
final_orchard_picking_lane_034__F11,final_orchard_picking_lane_034,orchard_picking_lane,F11,0.99688411,5.768120
final_orchard_picking_lane_035__F00,final_orchard_picking_lane_035,orchard_picking_lane,F00,0.03956079,-3.189552
final_orchard_picking_lane_035__F01,final_orchard_picking_lane_035,orchard_picking_lane,F01,0.65338721,0.633962
final_orchard_picking_lane_035__F10,final_orchard_picking_lane_035,orchard_picking_lane,F10,0.98815268,4.423736
final_orchard_picking_lane_035__F11,final_orchard_picking_lane_035,orchard_picking_lane,F11,0.96805046,3.411127
final_orchard_picking_lane_036__F00,final_orchard_picking_lane_036,orchard_picking_lane,F00,0.32008358,-0.753388
final_orchard_picking_lane_036__F01,final_orchard_picking_lane_036,orchard_picking_lane,F01,0.97283794,3.578396
final_orchard_picking_lane_036__F10,final_orchard_picking_lane_036,orchard_picking_lane,F10,0.99846313,6.476469
final_orchard_picking_lane_036__F11,final_orchard_picking_lane_036,orchard_picking_lane,F11,0.99818385,6.309219
final_orchard_picking_lane_037__F00,final_orchard_picking_lane_037,orchard_picking_lane,F00,0.05317927,-2.879441
final_orchard_picking_lane_037__F01,final_orchard_picking_lane_037,orchard_picking_lane,F01,0.77769579,1.252289
final_orchard_picking_lane_037__F10,final_orchard_picking_lane_037,orchard_picking_lane,F10,0.99502530,5.298404
final_orchard_picking_lane_037__F11,final_orchard_picking_lane_037,orchard_picking_lane,F11,0.97733453,3.763986
final_orchard_picking_lane_038__F00,final_orchard_picking_lane_038,orchard_picking_lane,F00,0.05732551,-2.799975
final_orchard_picking_lane_038__F01,final_orchard_picking_lane_038,orchard_picking_lane,F01,0.85605696,1.782919
final_orchard_picking_lane_038__F10,final_orchard_picking_lane_038,orchard_picking_lane,F10,0.99312395,4.972811
final_orchard_picking_lane_038__F11,final_orchard_picking_lane_038,orchard_picking_lane,F11,0.98328574,4.074638
final_orchard_picking_lane_039__F00,final_orchard_picking_lane_039,orchard_picking_lane,F00,0.00566399,-5.167947
final_orchard_picking_lane_039__F01,final_orchard_picking_lane_039,orchard_picking_lane,F01,0.25993644,-1.046299
final_orchard_picking_lane_039__F10,final_orchard_picking_lane_039,orchard_picking_lane,F10,0.93803730,2.717257
final_orchard_picking_lane_039__F11,final_orchard_picking_lane_039,orchard_picking_lane,F11,0.88464445,2.037167
final_orchard_picking_lane_040__F00,final_orchard_picking_lane_040,orchard_picking_lane,F00,0.03161186,-3.422101
final_orchard_picking_lane_040__F01,final_orchard_picking_lane_040,orchard_picking_lane,F01,0.74751249,1.085389
final_orchard_picking_lane_040__F10,final_orchard_picking_lane_040,orchard_picking_lane,F10,0.98358828,4.093212
final_orchard_picking_lane_040__F11,final_orchard_picking_lane_040,orchard_picking_lane,F11,0.97998846,3.891232
final_orchard_picking_lane_041__F00,final_orchard_picking_lane_041,orchard_picking_lane,F00,0.05608791,-2.823113
final_orchard_picking_lane_041__F01,final_orchard_picking_lane_041,orchard_picking_lane,F01,0.62034127,0.490997
final_orchard_picking_lane_041__F10,final_orchard_picking_lane_041,orchard_picking_lane,F10,0.97863429,3.824371
final_orchard_picking_lane_041__F11,final_orchard_picking_lane_041,orchard_picking_lane,F11,0.94352745,2.815871
final_orchard_picking_lane_042__F00,final_orchard_picking_lane_042,orchard_picking_lane,F00,0.06194164,-2.717620
final_orchard_picking_lane_042__F01,final_orchard_picking_lane_042,orchard_picking_lane,F01,0.85921974,1.808824
final_orchard_picking_lane_042__F10,final_orchard_picking_lane_042,orchard_picking_lane,F10,0.99229296,4.857885
final_orchard_picking_lane_042__F11,final_orchard_picking_lane_042,orchard_picking_lane,F11,0.98010729,3.897309
final_orchard_picking_lane_043__F00,final_orchard_picking_lane_043,orchard_picking_lane,F00,0.09928995,-2.205139
final_orchard_picking_lane_043__F01,final_orchard_picking_lane_043,orchard_picking_lane,F01,0.85154217,1.746748
final_orchard_picking_lane_043__F10,final_orchard_picking_lane_043,orchard_picking_lane,F10,0.99312050,4.972307
final_orchard_picking_lane_043__F11,final_orchard_picking_lane_043,orchard_picking_lane,F11,0.99289661,4.940055
final_orchard_picking_lane_044__F00,final_orchard_picking_lane_044,orchard_picking_lane,F00,0.01740563,-4.033403
final_orchard_picking_lane_044__F01,final_orchard_picking_lane_044,orchard_picking_lane,F01,0.48710721,-0.051583
final_orchard_picking_lane_044__F10,final_orchard_picking_lane_044,orchard_picking_lane,F10,0.94760346,2.895096
final_orchard_picking_lane_044__F11,final_orchard_picking_lane_044,orchard_picking_lane,F11,0.92765548,2.551221
final_orchard_picking_lane_045__F00,final_orchard_picking_lane_045,orchard_picking_lane,F00,0.02033395,-3.874920
final_orchard_picking_lane_045__F01,final_orchard_picking_lane_045,orchard_picking_lane,F01,0.51582462,0.063320
final_orchard_picking_lane_045__F10,final_orchard_picking_lane_045,orchard_picking_lane,F10,0.96834552,3.420709
final_orchard_picking_lane_045__F11,final_orchard_picking_lane_045,orchard_picking_lane,F11,0.91353477,2.357579
final_orchard_picking_lane_046__F00,final_orchard_picking_lane_046,orchard_picking_lane,F00,0.14149046,-1.802965
final_orchard_picking_lane_046__F01,final_orchard_picking_lane_046,orchard_picking_lane,F01,0.98836052,4.441645
final_orchard_picking_lane_046__F10,final_orchard_picking_lane_046,orchard_picking_lane,F10,0.99909482,7.006471
final_orchard_picking_lane_046__F11,final_orchard_picking_lane_046,orchard_picking_lane,F11,0.99890247,6.813592
final_orchard_picking_lane_047__F00,final_orchard_picking_lane_047,orchard_picking_lane,F00,0.18539365,-1.480224
final_orchard_picking_lane_047__F01,final_orchard_picking_lane_047,orchard_picking_lane,F01,0.87285535,1.926444
final_orchard_picking_lane_047__F10,final_orchard_picking_lane_047,orchard_picking_lane,F10,0.98780969,4.394849
final_orchard_picking_lane_047__F11,final_orchard_picking_lane_047,orchard_picking_lane,F11,0.96553318,3.332683
final_orchard_picking_lane_048__F00,final_orchard_picking_lane_048,orchard_picking_lane,F00,0.26185866,-1.036330
final_orchard_picking_lane_048__F01,final_orchard_picking_lane_048,orchard_picking_lane,F01,0.96334798,3.268946
final_orchard_picking_lane_048__F10,final_orchard_picking_lane_048,orchard_picking_lane,F10,0.99868602,6.633377
final_orchard_picking_lane_048__F11,final_orchard_picking_lane_048,orchard_picking_lane,F11,0.99599744,5.516810
final_orchard_picking_lane_049__F00,final_orchard_picking_lane_049,orchard_picking_lane,F00,0.02493903,-3.666066
final_orchard_picking_lane_049__F01,final_orchard_picking_lane_049,orchard_picking_lane,F01,0.56170628,0.248090
final_orchard_picking_lane_049__F10,final_orchard_picking_lane_049,orchard_picking_lane,F10,0.97317894,3.591380
final_orchard_picking_lane_049__F11,final_orchard_picking_lane_049,orchard_picking_lane,F11,0.97269980,3.573182
final_orchard_picking_lane_050__F00,final_orchard_picking_lane_050,orchard_picking_lane,F00,0.12450225,-1.950469
final_orchard_picking_lane_050__F01,final_orchard_picking_lane_050,orchard_picking_lane,F01,0.79255104,1.340372
final_orchard_picking_lane_050__F10,final_orchard_picking_lane_050,orchard_picking_lane,F10,0.99389711,5.092872
final_orchard_picking_lane_050__F11,final_orchard_picking_lane_050,orchard_picking_lane,F11,0.98657437,4.297073
final_orchard_picking_lane_051__F00,final_orchard_picking_lane_051,orchard_picking_lane,F00,0.00441399,-5.418553
final_orchard_picking_lane_051__F01,final_orchard_picking_lane_051,orchard_picking_lane,F01,0.23621964,-1.173518
final_orchard_picking_lane_051__F10,final_orchard_picking_lane_051,orchard_picking_lane,F10,0.90760200,2.284701
final_orchard_picking_lane_051__F11,final_orchard_picking_lane_051,orchard_picking_lane,F11,0.81391863,1.475676
final_orchard_picking_lane_052__F00,final_orchard_picking_lane_052,orchard_picking_lane,F00,0.18996291,-1.450251
final_orchard_picking_lane_052__F01,final_orchard_picking_lane_052,orchard_picking_lane,F01,0.91125234,2.329023
final_orchard_picking_lane_052__F10,final_orchard_picking_lane_052,orchard_picking_lane,F10,0.99554884,5.410130
final_orchard_picking_lane_052__F11,final_orchard_picking_lane_052,orchard_picking_lane,F11,0.98908658,4.506789
final_orchard_picking_lane_053__F00,final_orchard_picking_lane_053,orchard_picking_lane,F00,0.06350218,-2.691073
final_orchard_picking_lane_053__F01,final_orchard_picking_lane_053,orchard_picking_lane,F01,0.53818605,0.153042
final_orchard_picking_lane_053__F10,final_orchard_picking_lane_053,orchard_picking_lane,F10,0.93125130,2.606071
final_orchard_picking_lane_053__F11,final_orchard_picking_lane_053,orchard_picking_lane,F11,0.84835694,1.721772
final_orchard_picking_lane_054__F00,final_orchard_picking_lane_054,orchard_picking_lane,F00,0.03285686,-3.382186
final_orchard_picking_lane_054__F01,final_orchard_picking_lane_054,orchard_picking_lane,F01,0.67078647,0.711744
final_orchard_picking_lane_054__F10,final_orchard_picking_lane_054,orchard_picking_lane,F10,0.97773583,3.782261
final_orchard_picking_lane_054__F11,final_orchard_picking_lane_054,orchard_picking_lane,F11,0.96831297,3.419648
final_orchard_picking_lane_055__F00,final_orchard_picking_lane_055,orchard_picking_lane,F00,0.09503932,-2.253601
final_orchard_picking_lane_055__F01,final_orchard_picking_lane_055,orchard_picking_lane,F01,0.88685676,2.059029
final_orchard_picking_lane_055__F10,final_orchard_picking_lane_055,orchard_picking_lane,F10,0.99344644,5.021172
final_orchard_picking_lane_055__F11,final_orchard_picking_lane_055,orchard_picking_lane,F11,0.99418698,5.141826
final_orchard_picking_lane_056__F00,final_orchard_picking_lane_056,orchard_picking_lane,F00,0.05968963,-2.757052
final_orchard_picking_lane_056__F01,final_orchard_picking_lane_056,orchard_picking_lane,F01,0.67596940,0.735310
final_orchard_picking_lane_056__F10,final_orchard_picking_lane_056,orchard_picking_lane,F10,0.98912592,4.510440
final_orchard_picking_lane_056__F11,final_orchard_picking_lane_056,orchard_picking_lane,F11,0.98171974,3.983484
final_orchard_picking_lane_057__F00,final_orchard_picking_lane_057,orchard_picking_lane,F00,0.01890414,-3.949289
final_orchard_picking_lane_057__F01,final_orchard_picking_lane_057,orchard_picking_lane,F01,0.63969519,0.574041
final_orchard_picking_lane_057__F10,final_orchard_picking_lane_057,orchard_picking_lane,F10,0.98872722,4.474028
final_orchard_picking_lane_057__F11,final_orchard_picking_lane_057,orchard_picking_lane,F11,0.98002882,3.893292
final_orchard_picking_lane_058__F00,final_orchard_picking_lane_058,orchard_picking_lane,F00,0.05802378,-2.787127
final_orchard_picking_lane_058__F01,final_orchard_picking_lane_058,orchard_picking_lane,F01,0.82166172,1.527647
final_orchard_picking_lane_058__F10,final_orchard_picking_lane_058,orchard_picking_lane,F10,0.98723876,4.348499
final_orchard_picking_lane_058__F11,final_orchard_picking_lane_058,orchard_picking_lane,F11,0.99138600,4.745715
final_orchard_picking_lane_059__F00,final_orchard_picking_lane_059,orchard_picking_lane,F00,0.18539365,-1.480224
final_orchard_picking_lane_059__F01,final_orchard_picking_lane_059,orchard_picking_lane,F01,0.88197187,2.011237
final_orchard_picking_lane_059__F10,final_orchard_picking_lane_059,orchard_picking_lane,F10,0.98993271,4.588345
final_orchard_picking_lane_059__F11,final_orchard_picking_lane_059,orchard_picking_lane,F11,0.98505458,4.188292
final_orchard_picking_lane_060__F00,final_orchard_picking_lane_060,orchard_picking_lane,F00,0.32008358,-0.753388
final_orchard_picking_lane_060__F01,final_orchard_picking_lane_060,orchard_picking_lane,F01,0.96105837,3.205971
final_orchard_picking_lane_060__F10,final_orchard_picking_lane_060,orchard_picking_lane,F10,0.99848382,6.490045
final_orchard_picking_lane_060__F11,final_orchard_picking_lane_060,orchard_picking_lane,F11,0.99864074,6.599457
final_orchard_picking_lane_061__F00,final_orchard_picking_lane_061,orchard_picking_lane,F00,0.02563173,-3.637958
final_orchard_picking_lane_061__F01,final_orchard_picking_lane_061,orchard_picking_lane,F01,0.71616967,0.925540
final_orchard_picking_lane_061__F10,final_orchard_picking_lane_061,orchard_picking_lane,F10,0.98853518,4.456941
final_orchard_picking_lane_061__F11,final_orchard_picking_lane_061,orchard_picking_lane,F11,0.97050577,3.493623
final_orchard_picking_lane_062__F00,final_orchard_picking_lane_062,orchard_picking_lane,F00,0.16853168,-1.596069
final_orchard_picking_lane_062__F01,final_orchard_picking_lane_062,orchard_picking_lane,F01,0.96266826,3.249865
final_orchard_picking_lane_062__F10,final_orchard_picking_lane_062,orchard_picking_lane,F10,0.99837026,6.417701
final_orchard_picking_lane_062__F11,final_orchard_picking_lane_062,orchard_picking_lane,F11,0.99336848,5.009267
final_orchard_picking_lane_063__F00,final_orchard_picking_lane_063,orchard_picking_lane,F00,0.00566399,-5.167947
final_orchard_picking_lane_063__F01,final_orchard_picking_lane_063,orchard_picking_lane,F01,0.16297660,-1.636245
final_orchard_picking_lane_063__F10,final_orchard_picking_lane_063,orchard_picking_lane,F10,0.73939829,1.042844
final_orchard_picking_lane_063__F11,final_orchard_picking_lane_063,orchard_picking_lane,F11,0.68751829,0.788542
final_orchard_picking_lane_064__F00,final_orchard_picking_lane_064,orchard_picking_lane,F00,0.05457019,-2.852152
final_orchard_picking_lane_064__F01,final_orchard_picking_lane_064,orchard_picking_lane,F01,0.88513482,2.041981
final_orchard_picking_lane_064__F10,final_orchard_picking_lane_064,orchard_picking_lane,F10,0.99517417,5.328936
final_orchard_picking_lane_064__F11,final_orchard_picking_lane_064,orchard_picking_lane,F11,0.99166160,4.778511
final_orchard_picking_lane_065__F00,final_orchard_picking_lane_065,orchard_picking_lane,F00,0.02280949,-3.757505
final_orchard_picking_lane_065__F01,final_orchard_picking_lane_065,orchard_picking_lane,F01,0.50700350,0.028016
final_orchard_picking_lane_065__F10,final_orchard_picking_lane_065,orchard_picking_lane,F10,0.97876543,3.830662
final_orchard_picking_lane_065__F11,final_orchard_picking_lane_065,orchard_picking_lane,F11,0.96536888,3.327757
final_orchard_picking_lane_066__F00,final_orchard_picking_lane_066,orchard_picking_lane,F00,0.03285686,-3.382186
final_orchard_picking_lane_066__F01,final_orchard_picking_lane_066,orchard_picking_lane,F01,0.64569167,0.600155
final_orchard_picking_lane_066__F10,final_orchard_picking_lane_066,orchard_picking_lane,F10,0.96960422,3.462584
final_orchard_picking_lane_066__F11,final_orchard_picking_lane_066,orchard_picking_lane,F11,0.94066410,2.763372
final_orchard_picking_lane_067__F00,final_orchard_picking_lane_067,orchard_picking_lane,F00,0.09601215,-2.242341
final_orchard_picking_lane_067__F01,final_orchard_picking_lane_067,orchard_picking_lane,F01,0.89533621,2.146446
final_orchard_picking_lane_067__F10,final_orchard_picking_lane_067,orchard_picking_lane,F10,0.99360431,5.045714
final_orchard_picking_lane_067__F11,final_orchard_picking_lane_067,orchard_picking_lane,F11,0.98684021,4.317342
final_orchard_picking_lane_068__F00,final_orchard_picking_lane_068,orchard_picking_lane,F00,0.03118642,-3.436090
final_orchard_picking_lane_068__F01,final_orchard_picking_lane_068,orchard_picking_lane,F01,0.75520054,1.126544
final_orchard_picking_lane_068__F10,final_orchard_picking_lane_068,orchard_picking_lane,F10,0.98215300,4.007912
final_orchard_picking_lane_068__F11,final_orchard_picking_lane_068,orchard_picking_lane,F11,0.98080944,3.933959
final_orchard_picking_lane_069__F00,final_orchard_picking_lane_069,orchard_picking_lane,F00,0.03142401,-3.428255
final_orchard_picking_lane_069__F01,final_orchard_picking_lane_069,orchard_picking_lane,F01,0.52773160,0.111040
final_orchard_picking_lane_069__F10,final_orchard_picking_lane_069,orchard_picking_lane,F10,0.98039243,3.912037
final_orchard_picking_lane_069__F11,final_orchard_picking_lane_069,orchard_picking_lane,F11,0.93226693,2.622045
final_orchard_picking_lane_070__F00,final_orchard_picking_lane_070,orchard_picking_lane,F00,0.06152068,-2.724887
final_orchard_picking_lane_070__F01,final_orchard_picking_lane_070,orchard_picking_lane,F01,0.81507933,1.483359
final_orchard_picking_lane_070__F10,final_orchard_picking_lane_070,orchard_picking_lane,F10,0.99223354,4.850145
final_orchard_picking_lane_070__F11,final_orchard_picking_lane_070,orchard_picking_lane,F11,0.98543788,4.214663
final_orchard_picking_lane_071__F00,final_orchard_picking_lane_071,orchard_picking_lane,F00,0.02986345,-3.480802
final_orchard_picking_lane_071__F01,final_orchard_picking_lane_071,orchard_picking_lane,F01,0.70066224,0.850453
final_orchard_picking_lane_071__F10,final_orchard_picking_lane_071,orchard_picking_lane,F10,0.98494385,4.180798
final_orchard_picking_lane_071__F11,final_orchard_picking_lane_071,orchard_picking_lane,F11,0.97180512,3.540015
final_orchard_picking_lane_072__F00,final_orchard_picking_lane_072,orchard_picking_lane,F00,0.27535442,-0.967624
final_orchard_picking_lane_072__F01,final_orchard_picking_lane_072,orchard_picking_lane,F01,0.95553979,3.067682
final_orchard_picking_lane_072__F10,final_orchard_picking_lane_072,orchard_picking_lane,F10,0.99837410,6.420069
final_orchard_picking_lane_072__F11,final_orchard_picking_lane_072,orchard_picking_lane,F11,0.99666434,5.699744
final_orchard_picking_lane_073__F00,final_orchard_picking_lane_073,orchard_picking_lane,F00,0.05317927,-2.879441
final_orchard_picking_lane_073__F01,final_orchard_picking_lane_073,orchard_picking_lane,F01,0.70524344,0.872393
final_orchard_picking_lane_073__F10,final_orchard_picking_lane_073,orchard_picking_lane,F10,0.99432077,5.165245
final_orchard_picking_lane_073__F11,final_orchard_picking_lane_073,orchard_picking_lane,F11,0.97680053,3.740153
final_orchard_picking_lane_074__F00,final_orchard_picking_lane_074,orchard_picking_lane,F00,0.12450225,-1.950469
final_orchard_picking_lane_074__F01,final_orchard_picking_lane_074,orchard_picking_lane,F01,0.90222453,2.222190
final_orchard_picking_lane_074__F10,final_orchard_picking_lane_074,orchard_picking_lane,F10,0.99594691,5.504215
final_orchard_picking_lane_074__F11,final_orchard_picking_lane_074,orchard_picking_lane,F11,0.99093053,4.693730
final_orchard_picking_lane_075__F00,final_orchard_picking_lane_075,orchard_picking_lane,F00,0.00645379,-5.036613
final_orchard_picking_lane_075__F01,final_orchard_picking_lane_075,orchard_picking_lane,F01,0.25550314,-1.069474
final_orchard_picking_lane_075__F10,final_orchard_picking_lane_075,orchard_picking_lane,F10,0.94552506,2.854000
final_orchard_picking_lane_075__F11,final_orchard_picking_lane_075,orchard_picking_lane,F11,0.84085561,1.664608
final_orchard_picking_lane_076__F00,final_orchard_picking_lane_076,orchard_picking_lane,F00,0.18996291,-1.450251
final_orchard_picking_lane_076__F01,final_orchard_picking_lane_076,orchard_picking_lane,F01,0.94545744,2.852688
final_orchard_picking_lane_076__F10,final_orchard_picking_lane_076,orchard_picking_lane,F10,0.99875057,6.683819
final_orchard_picking_lane_076__F11,final_orchard_picking_lane_076,orchard_picking_lane,F11,0.99488218,5.269896
final_orchard_picking_lane_077__F00,final_orchard_picking_lane_077,orchard_picking_lane,F00,0.02280949,-3.757505
final_orchard_picking_lane_077__F01,final_orchard_picking_lane_077,orchard_picking_lane,F01,0.34286922,-0.650534
final_orchard_picking_lane_077__F10,final_orchard_picking_lane_077,orchard_picking_lane,F10,0.87051609,1.905530
final_orchard_picking_lane_077__F11,final_orchard_picking_lane_077,orchard_picking_lane,F11,0.81010000,1.450660
final_orchard_picking_lane_078__F00,final_orchard_picking_lane_078,orchard_picking_lane,F00,0.03397163,-3.347668
final_orchard_picking_lane_078__F01,final_orchard_picking_lane_078,orchard_picking_lane,F01,0.87042311,1.904705
final_orchard_picking_lane_078__F10,final_orchard_picking_lane_078,orchard_picking_lane,F10,0.99292501,4.944089
final_orchard_picking_lane_078__F11,final_orchard_picking_lane_078,orchard_picking_lane,F11,0.98627158,4.274464
final_orchard_picking_lane_079__F00,final_orchard_picking_lane_079,orchard_picking_lane,F00,0.09928995,-2.205139
final_orchard_picking_lane_079__F01,final_orchard_picking_lane_079,orchard_picking_lane,F01,0.87924816,1.985330
final_orchard_picking_lane_079__F10,final_orchard_picking_lane_079,orchard_picking_lane,F10,0.99543192,5.384084
final_orchard_picking_lane_079__F11,final_orchard_picking_lane_079,orchard_picking_lane,F11,0.98434669,4.141296
final_orchard_picking_lane_080__F00,final_orchard_picking_lane_080,orchard_picking_lane,F00,0.02994916,-3.477847
final_orchard_picking_lane_080__F01,final_orchard_picking_lane_080,orchard_picking_lane,F01,0.67193763,0.716962
final_orchard_picking_lane_080__F10,final_orchard_picking_lane_080,orchard_picking_lane,F10,0.98742725,4.363571
final_orchard_picking_lane_080__F11,final_orchard_picking_lane_080,orchard_picking_lane,F11,0.98211268,4.005614
final_orchard_picking_lane_081__F00,final_orchard_picking_lane_081,orchard_picking_lane,F00,0.02033395,-3.874920
final_orchard_picking_lane_081__F01,final_orchard_picking_lane_081,orchard_picking_lane,F01,0.65656672,0.648031
final_orchard_picking_lane_081__F10,final_orchard_picking_lane_081,orchard_picking_lane,F10,0.97395777,3.621648
final_orchard_picking_lane_081__F11,final_orchard_picking_lane_081,orchard_picking_lane,F11,0.95862137,3.142731
final_orchard_picking_lane_082__F00,final_orchard_picking_lane_082,orchard_picking_lane,F00,0.29278564,-0.881893
final_orchard_picking_lane_082__F01,final_orchard_picking_lane_082,orchard_picking_lane,F01,0.96080594,3.199247
final_orchard_picking_lane_082__F10,final_orchard_picking_lane_082,orchard_picking_lane,F10,0.99699031,5.802904
final_orchard_picking_lane_082__F11,final_orchard_picking_lane_082,orchard_picking_lane,F11,0.99594843,5.504590
final_orchard_picking_lane_083__F00,final_orchard_picking_lane_083,orchard_picking_lane,F00,0.04646313,-3.021519
final_orchard_picking_lane_083__F01,final_orchard_picking_lane_083,orchard_picking_lane,F01,0.56496968,0.261356
final_orchard_picking_lane_083__F10,final_orchard_picking_lane_083,orchard_picking_lane,F10,0.97855455,3.820564
final_orchard_picking_lane_083__F11,final_orchard_picking_lane_083,orchard_picking_lane,F11,0.93334676,2.639273
final_orchard_picking_lane_084__F00,final_orchard_picking_lane_084,orchard_picking_lane,F00,0.20120915,-1.378754
final_orchard_picking_lane_084__F01,final_orchard_picking_lane_084,orchard_picking_lane,F01,0.94045698,2.759667
final_orchard_picking_lane_084__F10,final_orchard_picking_lane_084,orchard_picking_lane,F10,0.99757857,6.020973
final_orchard_picking_lane_084__F11,final_orchard_picking_lane_084,orchard_picking_lane,F11,0.99788751,6.157774
final_orchard_picking_lane_085__F00,final_orchard_picking_lane_085,orchard_picking_lane,F00,0.08284164,-2.404349
final_orchard_picking_lane_085__F01,final_orchard_picking_lane_085,orchard_picking_lane,F01,0.87542320,1.949785
final_orchard_picking_lane_085__F10,final_orchard_picking_lane_085,orchard_picking_lane,F10,0.99677022,5.732107
final_orchard_picking_lane_085__F11,final_orchard_picking_lane_085,orchard_picking_lane,F11,0.98888568,4.488344
final_orchard_picking_lane_086__F00,final_orchard_picking_lane_086,orchard_picking_lane,F00,0.09303735,-2.277100
final_orchard_picking_lane_086__F01,final_orchard_picking_lane_086,orchard_picking_lane,F01,0.95749211,3.114628
final_orchard_picking_lane_086__F10,final_orchard_picking_lane_086,orchard_picking_lane,F10,0.99596498,5.508701
final_orchard_picking_lane_086__F11,final_orchard_picking_lane_086,orchard_picking_lane,F11,0.99637466,5.616174
final_orchard_picking_lane_087__F00,final_orchard_picking_lane_087,orchard_picking_lane,F00,0.04426463,-3.072295
final_orchard_picking_lane_087__F01,final_orchard_picking_lane_087,orchard_picking_lane,F01,0.71576364,0.923544
final_orchard_picking_lane_087__F10,final_orchard_picking_lane_087,orchard_picking_lane,F10,0.97795473,3.792365
final_orchard_picking_lane_087__F11,final_orchard_picking_lane_087,orchard_picking_lane,F11,0.94591901,2.861674
final_orchard_picking_lane_088__F00,final_orchard_picking_lane_088,orchard_picking_lane,F00,0.04873298,-2.971439
final_orchard_picking_lane_088__F01,final_orchard_picking_lane_088,orchard_picking_lane,F01,0.85235562,1.753197
final_orchard_picking_lane_088__F10,final_orchard_picking_lane_088,orchard_picking_lane,F10,0.98952945,4.548663
final_orchard_picking_lane_088__F11,final_orchard_picking_lane_088,orchard_picking_lane,F11,0.99237768,4.869023
final_orchard_picking_lane_089__F00,final_orchard_picking_lane_089,orchard_picking_lane,F00,0.06350218,-2.691073
final_orchard_picking_lane_089__F01,final_orchard_picking_lane_089,orchard_picking_lane,F01,0.87253320,1.923545
final_orchard_picking_lane_089__F10,final_orchard_picking_lane_089,orchard_picking_lane,F10,0.99318436,4.981696
final_orchard_picking_lane_089__F11,final_orchard_picking_lane_089,orchard_picking_lane,F11,0.97588591,3.700549
final_orchard_picking_lane_090__F00,final_orchard_picking_lane_090,orchard_picking_lane,F00,0.09295843,-2.278036
final_orchard_picking_lane_090__F01,final_orchard_picking_lane_090,orchard_picking_lane,F01,0.80837557,1.439489
final_orchard_picking_lane_090__F10,final_orchard_picking_lane_090,orchard_picking_lane,F10,0.98979998,4.575113
final_orchard_picking_lane_090__F11,final_orchard_picking_lane_090,orchard_picking_lane,F11,0.98251959,4.029040
final_orchard_picking_lane_091__F00,final_orchard_picking_lane_091,orchard_picking_lane,F00,0.21456989,-1.297596
final_orchard_picking_lane_091__F01,final_orchard_picking_lane_091,orchard_picking_lane,F01,0.92549263,2.519428
final_orchard_picking_lane_091__F10,final_orchard_picking_lane_091,orchard_picking_lane,F10,0.99757757,6.020557
final_orchard_picking_lane_091__F11,final_orchard_picking_lane_091,orchard_picking_lane,F11,0.99300007,4.954831
final_orchard_picking_lane_092__F00,final_orchard_picking_lane_092,orchard_picking_lane,F00,0.03118642,-3.436090
final_orchard_picking_lane_092__F01,final_orchard_picking_lane_092,orchard_picking_lane,F01,0.76133560,1.160016
final_orchard_picking_lane_092__F10,final_orchard_picking_lane_092,orchard_picking_lane,F10,0.98137813,3.964621
final_orchard_picking_lane_092__F11,final_orchard_picking_lane_092,orchard_picking_lane,F11,0.97412170,3.628132
final_orchard_picking_lane_093__F00,final_orchard_picking_lane_093,orchard_picking_lane,F00,0.02033395,-3.874920
final_orchard_picking_lane_093__F01,final_orchard_picking_lane_093,orchard_picking_lane,F01,0.60656817,0.432909
final_orchard_picking_lane_093__F10,final_orchard_picking_lane_093,orchard_picking_lane,F10,0.97473219,3.652632
final_orchard_picking_lane_093__F11,final_orchard_picking_lane_093,orchard_picking_lane,F11,0.96202933,3.232231
final_orchard_picking_lane_094__F00,final_orchard_picking_lane_094,orchard_picking_lane,F00,0.29278564,-0.881893
final_orchard_picking_lane_094__F01,final_orchard_picking_lane_094,orchard_picking_lane,F01,0.97867789,3.826458
final_orchard_picking_lane_094__F10,final_orchard_picking_lane_094,orchard_picking_lane,F10,0.99915864,7.079653
final_orchard_picking_lane_094__F11,final_orchard_picking_lane_094,orchard_picking_lane,F11,0.99754807,6.008423
final_orchard_picking_lane_095__F00,final_orchard_picking_lane_095,orchard_picking_lane,F00,0.04192039,-3.129159
final_orchard_picking_lane_095__F01,final_orchard_picking_lane_095,orchard_picking_lane,F01,0.57705683,0.310703
final_orchard_picking_lane_095__F10,final_orchard_picking_lane_095,orchard_picking_lane,F10,0.90691511,2.276537
final_orchard_picking_lane_095__F11,final_orchard_picking_lane_095,orchard_picking_lane,F11,0.89419662,2.134343
final_orchard_picking_lane_096__F00,final_orchard_picking_lane_096,orchard_picking_lane,F00,0.26185866,-1.036330
final_orchard_picking_lane_096__F01,final_orchard_picking_lane_096,orchard_picking_lane,F01,0.97318669,3.591677
final_orchard_picking_lane_096__F10,final_orchard_picking_lane_096,orchard_picking_lane,F10,0.99890312,6.814187
final_orchard_picking_lane_096__F11,final_orchard_picking_lane_096,orchard_picking_lane,F11,0.99862438,6.587476
final_orchard_picking_lane_097__F00,final_orchard_picking_lane_097,orchard_picking_lane,F00,0.08284164,-2.404349
final_orchard_picking_lane_097__F01,final_orchard_picking_lane_097,orchard_picking_lane,F01,0.89813540,2.176676
final_orchard_picking_lane_097__F10,final_orchard_picking_lane_097,orchard_picking_lane,F10,0.99385483,5.085925
final_orchard_picking_lane_097__F11,final_orchard_picking_lane_097,orchard_picking_lane,F11,0.99043085,4.639596
final_orchard_picking_lane_098__F00,final_orchard_picking_lane_098,orchard_picking_lane,F00,0.09303735,-2.277100
final_orchard_picking_lane_098__F01,final_orchard_picking_lane_098,orchard_picking_lane,F01,0.88420715,2.032889
final_orchard_picking_lane_098__F10,final_orchard_picking_lane_098,orchard_picking_lane,F10,0.99433576,5.167903
final_orchard_picking_lane_098__F11,final_orchard_picking_lane_098,orchard_picking_lane,F11,0.98939633,4.535895
final_orchard_picking_lane_099__F00,final_orchard_picking_lane_099,orchard_picking_lane,F00,0.00566399,-5.167947
final_orchard_picking_lane_099__F01,final_orchard_picking_lane_099,orchard_picking_lane,F01,0.25016161,-1.097751
final_orchard_picking_lane_099__F10,final_orchard_picking_lane_099,orchard_picking_lane,F10,0.93046434,2.593844
final_orchard_picking_lane_099__F11,final_orchard_picking_lane_099,orchard_picking_lane,F11,0.90847142,2.295112
final_orchard_picking_lane_100__F00,final_orchard_picking_lane_100,orchard_picking_lane,F00,0.06690732,-2.635196
final_orchard_picking_lane_100__F01,final_orchard_picking_lane_100,orchard_picking_lane,F01,0.89130152,2.104105
final_orchard_picking_lane_100__F10,final_orchard_picking_lane_100,orchard_picking_lane,F10,0.99227327,4.855313
final_orchard_picking_lane_100__F11,final_orchard_picking_lane_100,orchard_picking_lane,F11,0.98975298,4.570468
final_orchard_picking_lane_101__F00,final_orchard_picking_lane_101,orchard_picking_lane,F00,0.02621404,-3.614896
final_orchard_picking_lane_101__F01,final_orchard_picking_lane_101,orchard_picking_lane,F01,0.50406407,0.016257
final_orchard_picking_lane_101__F10,final_orchard_picking_lane_101,orchard_picking_lane,F10,0.96701866,3.378276
final_orchard_picking_lane_101__F11,final_orchard_picking_lane_101,orchard_picking_lane,F11,0.94162486,2.780717
final_orchard_picking_lane_102__F00,final_orchard_picking_lane_102,orchard_picking_lane,F00,0.12166494,-1.976757
final_orchard_picking_lane_102__F01,final_orchard_picking_lane_102,orchard_picking_lane,F01,0.94801621,2.903440
final_orchard_picking_lane_102__F10,final_orchard_picking_lane_102,orchard_picking_lane,F10,0.99860881,6.576206
final_orchard_picking_lane_102__F11,final_orchard_picking_lane_102,orchard_picking_lane,F11,0.99513190,5.320171
final_orchard_picking_lane_103__F00,final_orchard_picking_lane_103,orchard_picking_lane,F00,0.11321156,-2.058348
final_orchard_picking_lane_103__F01,final_orchard_picking_lane_103,orchard_picking_lane,F01,0.76467941,1.178508
final_orchard_picking_lane_103__F10,final_orchard_picking_lane_103,orchard_picking_lane,F10,0.98944581,4.540622
final_orchard_picking_lane_103__F11,final_orchard_picking_lane_103,orchard_picking_lane,F11,0.98272440,4.041034
final_orchard_picking_lane_104__F00,final_orchard_picking_lane_104,orchard_picking_lane,F00,0.03118642,-3.436090
final_orchard_picking_lane_104__F01,final_orchard_picking_lane_104,orchard_picking_lane,F01,0.73301947,1.009997
final_orchard_picking_lane_104__F10,final_orchard_picking_lane_104,orchard_picking_lane,F10,0.98458582,4.156933
final_orchard_picking_lane_104__F11,final_orchard_picking_lane_104,orchard_picking_lane,F11,0.98334972,4.078538
final_orchard_picking_lane_105__F00,final_orchard_picking_lane_105,orchard_picking_lane,F00,0.05670061,-2.811599
final_orchard_picking_lane_105__F01,final_orchard_picking_lane_105,orchard_picking_lane,F01,0.68500229,0.776857
final_orchard_picking_lane_105__F10,final_orchard_picking_lane_105,orchard_picking_lane,F10,0.99282462,4.929898
final_orchard_picking_lane_105__F11,final_orchard_picking_lane_105,orchard_picking_lane,F11,0.96558942,3.334375
final_orchard_picking_lane_106__F00,final_orchard_picking_lane_106,orchard_picking_lane,F00,0.29278564,-0.881893
final_orchard_picking_lane_106__F01,final_orchard_picking_lane_106,orchard_picking_lane,F01,0.98744015,4.364611
final_orchard_picking_lane_106__F10,final_orchard_picking_lane_106,orchard_picking_lane,F10,0.99943739,7.482354
final_orchard_picking_lane_106__F11,final_orchard_picking_lane_106,orchard_picking_lane,F11,0.99867162,6.622467
final_orchard_picking_lane_107__F00,final_orchard_picking_lane_107,orchard_picking_lane,F00,0.04993803,-2.945744
final_orchard_picking_lane_107__F01,final_orchard_picking_lane_107,orchard_picking_lane,F01,0.72881115,0.988599
final_orchard_picking_lane_107__F10,final_orchard_picking_lane_107,orchard_picking_lane,F10,0.98213728,4.007015
final_orchard_picking_lane_107__F11,final_orchard_picking_lane_107,orchard_picking_lane,F11,0.94200648,2.787681
final_orchard_picking_lane_108__F00,final_orchard_picking_lane_108,orchard_picking_lane,F00,0.14318680,-1.789070
final_orchard_picking_lane_108__F01,final_orchard_picking_lane_108,orchard_picking_lane,F01,0.93632521,2.688174
final_orchard_picking_lane_108__F10,final_orchard_picking_lane_108,orchard_picking_lane,F10,0.99804642,6.236136
final_orchard_picking_lane_108__F11,final_orchard_picking_lane_108,orchard_picking_lane,F11,0.99868212,6.630409
final_orchard_picking_lane_109__F00,final_orchard_picking_lane_109,orchard_picking_lane,F00,0.08284164,-2.404349
final_orchard_picking_lane_109__F01,final_orchard_picking_lane_109,orchard_picking_lane,F01,0.86271471,1.838023
final_orchard_picking_lane_109__F10,final_orchard_picking_lane_109,orchard_picking_lane,F10,0.99580386,5.469385
final_orchard_picking_lane_109__F11,final_orchard_picking_lane_109,orchard_picking_lane,F11,0.98038660,3.911734
final_orchard_picking_lane_110__F00,final_orchard_picking_lane_110,orchard_picking_lane,F00,0.04907266,-2.964136
final_orchard_picking_lane_110__F01,final_orchard_picking_lane_110,orchard_picking_lane,F01,0.74146450,1.053594
final_orchard_picking_lane_110__F10,final_orchard_picking_lane_110,orchard_picking_lane,F10,0.98694372,4.325344
final_orchard_picking_lane_110__F11,final_orchard_picking_lane_110,orchard_picking_lane,F11,0.97946015,3.864635
final_orchard_picking_lane_111__F00,final_orchard_picking_lane_111,orchard_picking_lane,F00,0.00645379,-5.036613
final_orchard_picking_lane_111__F01,final_orchard_picking_lane_111,orchard_picking_lane,F01,0.25653177,-1.064074
final_orchard_picking_lane_111__F10,final_orchard_picking_lane_111,orchard_picking_lane,F10,0.89424130,2.134816
final_orchard_picking_lane_111__F11,final_orchard_picking_lane_111,orchard_picking_lane,F11,0.83379604,1.612773
final_orchard_picking_lane_112__F00,final_orchard_picking_lane_112,orchard_picking_lane,F00,0.03161186,-3.422101
final_orchard_picking_lane_112__F01,final_orchard_picking_lane_112,orchard_picking_lane,F01,0.86131243,1.826234
final_orchard_picking_lane_112__F10,final_orchard_picking_lane_112,orchard_picking_lane,F10,0.98903892,4.502383
final_orchard_picking_lane_112__F11,final_orchard_picking_lane_112,orchard_picking_lane,F11,0.98103609,3.946071
final_orchard_picking_lane_113__F00,final_orchard_picking_lane_113,orchard_picking_lane,F00,0.03336016,-3.366464
final_orchard_picking_lane_113__F01,final_orchard_picking_lane_113,orchard_picking_lane,F01,0.53839507,0.153883
final_orchard_picking_lane_113__F10,final_orchard_picking_lane_113,orchard_picking_lane,F10,0.98354051,4.090257
final_orchard_picking_lane_113__F11,final_orchard_picking_lane_113,orchard_picking_lane,F11,0.94869938,2.917389
final_orchard_picking_lane_114__F00,final_orchard_picking_lane_114,orchard_picking_lane,F00,0.12166494,-1.976757
final_orchard_picking_lane_114__F01,final_orchard_picking_lane_114,orchard_picking_lane,F01,0.92692522,2.540390
final_orchard_picking_lane_114__F10,final_orchard_picking_lane_114,orchard_picking_lane,F10,0.99809219,6.259890
final_orchard_picking_lane_114__F11,final_orchard_picking_lane_114,orchard_picking_lane,F11,0.99472260,5.239031
final_orchard_picking_lane_115__F00,final_orchard_picking_lane_115,orchard_picking_lane,F00,0.21456989,-1.297596
final_orchard_picking_lane_115__F01,final_orchard_picking_lane_115,orchard_picking_lane,F01,0.91103566,2.326346
final_orchard_picking_lane_115__F10,final_orchard_picking_lane_115,orchard_picking_lane,F10,0.99419082,5.142490
final_orchard_picking_lane_115__F11,final_orchard_picking_lane_115,orchard_picking_lane,F11,0.98356721,4.091907
final_orchard_picking_lane_116__F00,final_orchard_picking_lane_116,orchard_picking_lane,F00,0.08095501,-2.429442
final_orchard_picking_lane_116__F01,final_orchard_picking_lane_116,orchard_picking_lane,F01,0.84814702,1.720141
final_orchard_picking_lane_116__F10,final_orchard_picking_lane_116,orchard_picking_lane,F10,0.98840223,4.445277
final_orchard_picking_lane_116__F11,final_orchard_picking_lane_116,orchard_picking_lane,F11,0.98340911,4.082172
final_orchard_picking_lane_117__F00,final_orchard_picking_lane_117,orchard_picking_lane,F00,0.08617488,-2.361261
final_orchard_picking_lane_117__F01,final_orchard_picking_lane_117,orchard_picking_lane,F01,0.66296723,0.676545
final_orchard_picking_lane_117__F10,final_orchard_picking_lane_117,orchard_picking_lane,F10,0.98094280,3.941069
final_orchard_picking_lane_117__F11,final_orchard_picking_lane_117,orchard_picking_lane,F11,0.97508329,3.666984
final_orchard_picking_lane_118__F00,final_orchard_picking_lane_118,orchard_picking_lane,F00,0.06152068,-2.724887
final_orchard_picking_lane_118__F01,final_orchard_picking_lane_118,orchard_picking_lane,F01,0.82866366,1.576186
final_orchard_picking_lane_118__F10,final_orchard_picking_lane_118,orchard_picking_lane,F10,0.99505876,5.305185
final_orchard_picking_lane_118__F11,final_orchard_picking_lane_118,orchard_picking_lane,F11,0.98838569,4.443835
final_orchard_picking_lane_119__F00,final_orchard_picking_lane_119,orchard_picking_lane,F00,0.04192039,-3.129159
final_orchard_picking_lane_119__F01,final_orchard_picking_lane_119,orchard_picking_lane,F01,0.61246556,0.457688
final_orchard_picking_lane_119__F10,final_orchard_picking_lane_119,orchard_picking_lane,F10,0.96837995,3.421833
final_orchard_picking_lane_119__F11,final_orchard_picking_lane_119,orchard_picking_lane,F11,0.94722400,2.887479
final_pantry_spice_jar_000__F00,final_pantry_spice_jar_000,pantry_spice_jar,F00,0.04037497,-3.168333
final_pantry_spice_jar_000__F01,final_pantry_spice_jar_000,pantry_spice_jar,F01,0.96646535,3.361066
final_pantry_spice_jar_000__F10,final_pantry_spice_jar_000,pantry_spice_jar,F10,0.99904084,6.948498
final_pantry_spice_jar_000__F11,final_pantry_spice_jar_000,pantry_spice_jar,F11,0.99822331,6.331226
final_pantry_spice_jar_001__F00,final_pantry_spice_jar_001,pantry_spice_jar,F00,0.10544580,-2.138128
final_pantry_spice_jar_001__F01,final_pantry_spice_jar_001,pantry_spice_jar,F01,0.93032698,2.591723
final_pantry_spice_jar_001__F10,final_pantry_spice_jar_001,pantry_spice_jar,F10,0.99702326,5.813946
final_pantry_spice_jar_001__F11,final_pantry_spice_jar_001,pantry_spice_jar,F11,0.98674432,4.309985
final_pantry_spice_jar_002__F00,final_pantry_spice_jar_002,pantry_spice_jar,F00,0.06727659,-2.629296
final_pantry_spice_jar_002__F01,final_pantry_spice_jar_002,pantry_spice_jar,F01,0.95783267,3.123027
final_pantry_spice_jar_002__F10,final_pantry_spice_jar_002,pantry_spice_jar,F10,0.99910609,7.019016
final_pantry_spice_jar_002__F11,final_pantry_spice_jar_002,pantry_spice_jar,F11,0.99763167,6.043198
final_pantry_spice_jar_003__F00,final_pantry_spice_jar_003,pantry_spice_jar,F00,0.02331164,-3.735215
final_pantry_spice_jar_003__F01,final_pantry_spice_jar_003,pantry_spice_jar,F01,0.58399431,0.339192
final_pantry_spice_jar_003__F10,final_pantry_spice_jar_003,pantry_spice_jar,F10,0.97095712,3.509509
final_pantry_spice_jar_003__F11,final_pantry_spice_jar_003,pantry_spice_jar,F11,0.93709513,2.701161
final_pantry_spice_jar_004__F00,final_pantry_spice_jar_004,pantry_spice_jar,F00,0.01179278,-4.428405
final_pantry_spice_jar_004__F01,final_pantry_spice_jar_004,pantry_spice_jar,F01,0.82115390,1.524185
final_pantry_spice_jar_004__F10,final_pantry_spice_jar_004,pantry_spice_jar,F10,0.99207861,4.830235
final_pantry_spice_jar_004__F11,final_pantry_spice_jar_004,pantry_spice_jar,F11,0.99291509,4.942678
final_pantry_spice_jar_005__F00,final_pantry_spice_jar_005,pantry_spice_jar,F00,0.00955272,-4.641331
final_pantry_spice_jar_005__F01,final_pantry_spice_jar_005,pantry_spice_jar,F01,0.74866467,1.091503
final_pantry_spice_jar_005__F10,final_pantry_spice_jar_005,pantry_spice_jar,F10,0.97771542,3.781324
final_pantry_spice_jar_005__F11,final_pantry_spice_jar_005,pantry_spice_jar,F11,0.96048784,3.190833
final_pantry_spice_jar_006__F00,final_pantry_spice_jar_006,pantry_spice_jar,F00,0.01345339,-4.294979
final_pantry_spice_jar_006__F01,final_pantry_spice_jar_006,pantry_spice_jar,F01,0.59718343,0.393743
final_pantry_spice_jar_006__F10,final_pantry_spice_jar_006,pantry_spice_jar,F10,0.99322981,4.988432
final_pantry_spice_jar_006__F11,final_pantry_spice_jar_006,pantry_spice_jar,F11,0.98171302,3.983110
final_pantry_spice_jar_007__F00,final_pantry_spice_jar_007,pantry_spice_jar,F00,0.00699260,-4.955886
final_pantry_spice_jar_007__F01,final_pantry_spice_jar_007,pantry_spice_jar,F01,0.73838079,1.037570
final_pantry_spice_jar_007__F10,final_pantry_spice_jar_007,pantry_spice_jar,F10,0.97366596,3.610206
final_pantry_spice_jar_007__F11,final_pantry_spice_jar_007,pantry_spice_jar,F11,0.96616071,3.351708
final_pantry_spice_jar_008__F00,final_pantry_spice_jar_008,pantry_spice_jar,F00,0.05615552,-2.821836
final_pantry_spice_jar_008__F01,final_pantry_spice_jar_008,pantry_spice_jar,F01,0.91175411,2.335243
final_pantry_spice_jar_008__F10,final_pantry_spice_jar_008,pantry_spice_jar,F10,0.99866619,6.618378
final_pantry_spice_jar_008__F11,final_pantry_spice_jar_008,pantry_spice_jar,F11,0.99831765,6.385877
final_pantry_spice_jar_009__F00,final_pantry_spice_jar_009,pantry_spice_jar,F00,0.02035936,-3.873645
final_pantry_spice_jar_009__F01,final_pantry_spice_jar_009,pantry_spice_jar,F01,0.31291406,-0.786531
final_pantry_spice_jar_009__F10,final_pantry_spice_jar_009,pantry_spice_jar,F10,0.97914686,3.849177
final_pantry_spice_jar_009__F11,final_pantry_spice_jar_009,pantry_spice_jar,F11,0.90705893,2.278242
final_pantry_spice_jar_010__F00,final_pantry_spice_jar_010,pantry_spice_jar,F00,0.00945668,-4.651532
final_pantry_spice_jar_010__F01,final_pantry_spice_jar_010,pantry_spice_jar,F01,0.90297903,2.230772
final_pantry_spice_jar_010__F10,final_pantry_spice_jar_010,pantry_spice_jar,F10,0.99750727,5.991882
final_pantry_spice_jar_010__F11,final_pantry_spice_jar_010,pantry_spice_jar,F11,0.99702281,5.813793
final_pantry_spice_jar_011__F00,final_pantry_spice_jar_011,pantry_spice_jar,F00,0.15680479,-1.682197
final_pantry_spice_jar_011__F01,final_pantry_spice_jar_011,pantry_spice_jar,F01,0.90402298,2.242746
final_pantry_spice_jar_011__F10,final_pantry_spice_jar_011,pantry_spice_jar,F10,0.99599684,5.516659
final_pantry_spice_jar_011__F11,final_pantry_spice_jar_011,pantry_spice_jar,F11,0.98750436,4.369801
final_pantry_spice_jar_012__F00,final_pantry_spice_jar_012,pantry_spice_jar,F00,0.04058316,-3.162973
final_pantry_spice_jar_012__F01,final_pantry_spice_jar_012,pantry_spice_jar,F01,0.76093150,1.157793
final_pantry_spice_jar_012__F10,final_pantry_spice_jar_012,pantry_spice_jar,F10,0.99168835,4.781751
final_pantry_spice_jar_012__F11,final_pantry_spice_jar_012,pantry_spice_jar,F11,0.97739508,3.766723
final_pantry_spice_jar_013__F00,final_pantry_spice_jar_013,pantry_spice_jar,F00,0.10544580,-2.138128
final_pantry_spice_jar_013__F01,final_pantry_spice_jar_013,pantry_spice_jar,F01,0.64296333,0.588249
final_pantry_spice_jar_013__F10,final_pantry_spice_jar_013,pantry_spice_jar,F10,0.92879659,2.568349
final_pantry_spice_jar_013__F11,final_pantry_spice_jar_013,pantry_spice_jar,F11,0.90664845,2.273382
final_pantry_spice_jar_014__F00,final_pantry_spice_jar_014,pantry_spice_jar,F00,0.05008033,-2.942749
final_pantry_spice_jar_014__F01,final_pantry_spice_jar_014,pantry_spice_jar,F01,0.95952233,3.165685
final_pantry_spice_jar_014__F10,final_pantry_spice_jar_014,pantry_spice_jar,F10,0.99342733,5.018241
final_pantry_spice_jar_014__F11,final_pantry_spice_jar_014,pantry_spice_jar,F11,0.99488764,5.270968
final_pantry_spice_jar_015__F00,final_pantry_spice_jar_015,pantry_spice_jar,F00,0.06823943,-2.614053
final_pantry_spice_jar_015__F01,final_pantry_spice_jar_015,pantry_spice_jar,F01,0.95888342,3.149358
final_pantry_spice_jar_015__F10,final_pantry_spice_jar_015,pantry_spice_jar,F10,0.99730666,5.914277
final_pantry_spice_jar_015__F11,final_pantry_spice_jar_015,pantry_spice_jar,F11,0.99420673,5.145248
final_pantry_spice_jar_016__F00,final_pantry_spice_jar_016,pantry_spice_jar,F00,0.03491978,-3.319158
final_pantry_spice_jar_016__F01,final_pantry_spice_jar_016,pantry_spice_jar,F01,0.77357244,1.228594
final_pantry_spice_jar_016__F10,final_pantry_spice_jar_016,pantry_spice_jar,F10,0.99352867,5.033882
final_pantry_spice_jar_016__F11,final_pantry_spice_jar_016,pantry_spice_jar,F11,0.98828607,4.435193
final_pantry_spice_jar_017__F00,final_pantry_spice_jar_017,pantry_spice_jar,F00,0.01124540,-4.476487
final_pantry_spice_jar_017__F01,final_pantry_spice_jar_017,pantry_spice_jar,F01,0.59987162,0.404930
final_pantry_spice_jar_017__F10,final_pantry_spice_jar_017,pantry_spice_jar,F10,0.96840161,3.422541
final_pantry_spice_jar_017__F11,final_pantry_spice_jar_017,pantry_spice_jar,F11,0.96544575,3.330059
final_pantry_spice_jar_018__F00,final_pantry_spice_jar_018,pantry_spice_jar,F00,0.02536144,-3.648837
final_pantry_spice_jar_018__F01,final_pantry_spice_jar_018,pantry_spice_jar,F01,0.62651006,0.517274
final_pantry_spice_jar_018__F10,final_pantry_spice_jar_018,pantry_spice_jar,F10,0.97973036,3.878153
final_pantry_spice_jar_018__F11,final_pantry_spice_jar_018,pantry_spice_jar,F11,0.93724552,2.703715
final_pantry_spice_jar_019__F00,final_pantry_spice_jar_019,pantry_spice_jar,F00,0.01349351,-4.291961
final_pantry_spice_jar_019__F01,final_pantry_spice_jar_019,pantry_spice_jar,F01,0.52490175,0.099689
final_pantry_spice_jar_019__F10,final_pantry_spice_jar_019,pantry_spice_jar,F10,0.97052058,3.494140
final_pantry_spice_jar_019__F11,final_pantry_spice_jar_019,pantry_spice_jar,F11,0.94123713,2.773685
final_pantry_spice_jar_020__F00,final_pantry_spice_jar_020,pantry_spice_jar,F00,0.07464519,-2.517431
final_pantry_spice_jar_020__F01,final_pantry_spice_jar_020,pantry_spice_jar,F01,0.86223644,1.833991
final_pantry_spice_jar_020__F10,final_pantry_spice_jar_020,pantry_spice_jar,F10,0.99704271,5.820519
final_pantry_spice_jar_020__F11,final_pantry_spice_jar_020,pantry_spice_jar,F11,0.99576148,5.459293
final_pantry_spice_jar_021__F00,final_pantry_spice_jar_021,pantry_spice_jar,F00,0.00821052,-4.794095
final_pantry_spice_jar_021__F01,final_pantry_spice_jar_021,pantry_spice_jar,F01,0.66348975,0.678885
final_pantry_spice_jar_021__F10,final_pantry_spice_jar_021,pantry_spice_jar,F10,0.98576387,4.237634
final_pantry_spice_jar_021__F11,final_pantry_spice_jar_021,pantry_spice_jar,F11,0.97271092,3.573600
final_pantry_spice_jar_022__F00,final_pantry_spice_jar_022,pantry_spice_jar,F00,0.02112447,-3.835972
final_pantry_spice_jar_022__F01,final_pantry_spice_jar_022,pantry_spice_jar,F01,0.92249705,2.476768
final_pantry_spice_jar_022__F10,final_pantry_spice_jar_022,pantry_spice_jar,F10,0.99192376,4.810720
final_pantry_spice_jar_022__F11,final_pantry_spice_jar_022,pantry_spice_jar,F11,0.99422899,5.149120
final_pantry_spice_jar_023__F00,final_pantry_spice_jar_023,pantry_spice_jar,F00,0.15680479,-1.682197
final_pantry_spice_jar_023__F01,final_pantry_spice_jar_023,pantry_spice_jar,F01,0.96174275,3.224414
final_pantry_spice_jar_023__F10,final_pantry_spice_jar_023,pantry_spice_jar,F10,0.99769025,6.068304
final_pantry_spice_jar_023__F11,final_pantry_spice_jar_023,pantry_spice_jar,F11,0.99427768,5.157643
final_pantry_spice_jar_024__F00,final_pantry_spice_jar_024,pantry_spice_jar,F00,0.03483810,-3.321584
final_pantry_spice_jar_024__F01,final_pantry_spice_jar_024,pantry_spice_jar,F01,0.92730641,2.546031
final_pantry_spice_jar_024__F10,final_pantry_spice_jar_024,pantry_spice_jar,F10,0.99643817,5.633913
final_pantry_spice_jar_024__F11,final_pantry_spice_jar_024,pantry_spice_jar,F11,0.99651874,5.656873
final_pantry_spice_jar_025__F00,final_pantry_spice_jar_025,pantry_spice_jar,F00,0.10544580,-2.138128
final_pantry_spice_jar_025__F01,final_pantry_spice_jar_025,pantry_spice_jar,F01,0.92750668,2.549006
final_pantry_spice_jar_025__F10,final_pantry_spice_jar_025,pantry_spice_jar,F10,0.99685459,5.758662
final_pantry_spice_jar_025__F11,final_pantry_spice_jar_025,pantry_spice_jar,F11,0.99134746,4.741212
final_pantry_spice_jar_026__F00,final_pantry_spice_jar_026,pantry_spice_jar,F00,0.02850865,-3.528625
final_pantry_spice_jar_026__F01,final_pantry_spice_jar_026,pantry_spice_jar,F01,0.81510293,1.483515
final_pantry_spice_jar_026__F10,final_pantry_spice_jar_026,pantry_spice_jar,F10,0.98930159,4.526904
final_pantry_spice_jar_026__F11,final_pantry_spice_jar_026,pantry_spice_jar,F11,0.98309796,4.063274
final_pantry_spice_jar_027__F00,final_pantry_spice_jar_027,pantry_spice_jar,F00,0.01692172,-4.062091
final_pantry_spice_jar_027__F01,final_pantry_spice_jar_027,pantry_spice_jar,F01,0.58950305,0.361911
final_pantry_spice_jar_027__F10,final_pantry_spice_jar_027,pantry_spice_jar,F10,0.99286517,4.935606
final_pantry_spice_jar_027__F11,final_pantry_spice_jar_027,pantry_spice_jar,F11,0.98465274,4.161352
final_pantry_spice_jar_028__F00,final_pantry_spice_jar_028,pantry_spice_jar,F00,0.01699269,-4.057833
final_pantry_spice_jar_028__F01,final_pantry_spice_jar_028,pantry_spice_jar,F01,0.65479758,0.640195
final_pantry_spice_jar_028__F10,final_pantry_spice_jar_028,pantry_spice_jar,F10,0.98751702,4.370828
final_pantry_spice_jar_028__F11,final_pantry_spice_jar_028,pantry_spice_jar,F11,0.98842372,4.447153
final_pantry_spice_jar_029__F00,final_pantry_spice_jar_029,pantry_spice_jar,F00,0.01055143,-4.540887
final_pantry_spice_jar_029__F01,final_pantry_spice_jar_029,pantry_spice_jar,F01,0.21057655,-1.321454
final_pantry_spice_jar_029__F10,final_pantry_spice_jar_029,pantry_spice_jar,F10,0.96251413,3.245585
final_pantry_spice_jar_029__F11,final_pantry_spice_jar_029,pantry_spice_jar,F11,0.82860156,1.575749
final_pantry_spice_jar_030__F00,final_pantry_spice_jar_030,pantry_spice_jar,F00,0.02731736,-3.572536
final_pantry_spice_jar_030__F01,final_pantry_spice_jar_030,pantry_spice_jar,F01,0.76746361,1.194044
final_pantry_spice_jar_030__F10,final_pantry_spice_jar_030,pantry_spice_jar,F10,0.99459462,5.214940
final_pantry_spice_jar_030__F11,final_pantry_spice_jar_030,pantry_spice_jar,F11,0.99180238,4.795680
final_pantry_spice_jar_031__F00,final_pantry_spice_jar_031,pantry_spice_jar,F00,0.01349351,-4.291961
final_pantry_spice_jar_031__F01,final_pantry_spice_jar_031,pantry_spice_jar,F01,0.48129160,-0.074869
final_pantry_spice_jar_031__F10,final_pantry_spice_jar_031,pantry_spice_jar,F10,0.84279933,1.679206
final_pantry_spice_jar_031__F11,final_pantry_spice_jar_031,pantry_spice_jar,F11,0.76006777,1.153051
final_pantry_spice_jar_032__F00,final_pantry_spice_jar_032,pantry_spice_jar,F00,0.07464519,-2.517431
final_pantry_spice_jar_032__F01,final_pantry_spice_jar_032,pantry_spice_jar,F01,0.90726704,2.280713
final_pantry_spice_jar_032__F10,final_pantry_spice_jar_032,pantry_spice_jar,F10,0.99600452,5.518587
final_pantry_spice_jar_032__F11,final_pantry_spice_jar_032,pantry_spice_jar,F11,0.99651149,5.654787
final_pantry_spice_jar_033__F00,final_pantry_spice_jar_033,pantry_spice_jar,F00,0.01199208,-4.411444
final_pantry_spice_jar_033__F01,final_pantry_spice_jar_033,pantry_spice_jar,F01,0.70527448,0.872543
final_pantry_spice_jar_033__F10,final_pantry_spice_jar_033,pantry_spice_jar,F10,0.99122726,4.727295
final_pantry_spice_jar_033__F11,final_pantry_spice_jar_033,pantry_spice_jar,F11,0.97011448,3.480040
final_pantry_spice_jar_034__F00,final_pantry_spice_jar_034,pantry_spice_jar,F00,0.02699157,-3.584868
final_pantry_spice_jar_034__F01,final_pantry_spice_jar_034,pantry_spice_jar,F01,0.81729765,1.498145
final_pantry_spice_jar_034__F10,final_pantry_spice_jar_034,pantry_spice_jar,F10,0.99376712,5.071665
final_pantry_spice_jar_034__F11,final_pantry_spice_jar_034,pantry_spice_jar,F11,0.98712921,4.339841
final_pantry_spice_jar_035__F00,final_pantry_spice_jar_035,pantry_spice_jar,F00,0.01921998,-3.932398
final_pantry_spice_jar_035__F01,final_pantry_spice_jar_035,pantry_spice_jar,F01,0.77910784,1.260475
final_pantry_spice_jar_035__F10,final_pantry_spice_jar_035,pantry_spice_jar,F10,0.99585759,5.482326
final_pantry_spice_jar_035__F11,final_pantry_spice_jar_035,pantry_spice_jar,F11,0.98671906,4.308055
final_pantry_spice_jar_036__F00,final_pantry_spice_jar_036,pantry_spice_jar,F00,0.02305220,-3.746672
final_pantry_spice_jar_036__F01,final_pantry_spice_jar_036,pantry_spice_jar,F01,0.76543215,1.182696
final_pantry_spice_jar_036__F10,final_pantry_spice_jar_036,pantry_spice_jar,F10,0.99490657,5.274697
final_pantry_spice_jar_036__F11,final_pantry_spice_jar_036,pantry_spice_jar,F11,0.99203011,4.824083
final_pantry_spice_jar_037__F00,final_pantry_spice_jar_037,pantry_spice_jar,F00,0.01636277,-4.096249
final_pantry_spice_jar_037__F01,final_pantry_spice_jar_037,pantry_spice_jar,F01,0.71358006,0.912836
final_pantry_spice_jar_037__F10,final_pantry_spice_jar_037,pantry_spice_jar,F10,0.98331276,4.076283
final_pantry_spice_jar_037__F11,final_pantry_spice_jar_037,pantry_spice_jar,F11,0.97508053,3.666871
final_pantry_spice_jar_038__F00,final_pantry_spice_jar_038,pantry_spice_jar,F00,0.04965297,-2.951769
final_pantry_spice_jar_038__F01,final_pantry_spice_jar_038,pantry_spice_jar,F01,0.92174474,2.466292
final_pantry_spice_jar_038__F10,final_pantry_spice_jar_038,pantry_spice_jar,F10,0.99769036,6.068353
final_pantry_spice_jar_038__F11,final_pantry_spice_jar_038,pantry_spice_jar,F11,0.99148101,4.756902
final_pantry_spice_jar_039__F00,final_pantry_spice_jar_039,pantry_spice_jar,F00,0.01712094,-4.050184
final_pantry_spice_jar_039__F01,final_pantry_spice_jar_039,pantry_spice_jar,F01,0.80680720,1.429396
final_pantry_spice_jar_039__F10,final_pantry_spice_jar_039,pantry_spice_jar,F10,0.98687186,4.319782
final_pantry_spice_jar_039__F11,final_pantry_spice_jar_039,pantry_spice_jar,F11,0.98104222,3.946401
final_pantry_spice_jar_040__F00,final_pantry_spice_jar_040,pantry_spice_jar,F00,0.01097350,-4.501238
final_pantry_spice_jar_040__F01,final_pantry_spice_jar_040,pantry_spice_jar,F01,0.64203855,0.584223
final_pantry_spice_jar_040__F10,final_pantry_spice_jar_040,pantry_spice_jar,F10,0.99115421,4.718928
final_pantry_spice_jar_040__F11,final_pantry_spice_jar_040,pantry_spice_jar,F11,0.98228985,4.015748
final_pantry_spice_jar_041__F00,final_pantry_spice_jar_041,pantry_spice_jar,F00,0.00955272,-4.641331
final_pantry_spice_jar_041__F01,final_pantry_spice_jar_041,pantry_spice_jar,F01,0.62677913,0.518424
final_pantry_spice_jar_041__F10,final_pantry_spice_jar_041,pantry_spice_jar,F10,0.97613755,3.711297
final_pantry_spice_jar_041__F11,final_pantry_spice_jar_041,pantry_spice_jar,F11,0.97095584,3.509463
final_pantry_spice_jar_042__F00,final_pantry_spice_jar_042,pantry_spice_jar,F00,0.01345339,-4.294979
final_pantry_spice_jar_042__F01,final_pantry_spice_jar_042,pantry_spice_jar,F01,0.73964033,1.044100
final_pantry_spice_jar_042__F10,final_pantry_spice_jar_042,pantry_spice_jar,F10,0.98988736,4.583806
final_pantry_spice_jar_042__F11,final_pantry_spice_jar_042,pantry_spice_jar,F11,0.98184404,3.990434
final_pantry_spice_jar_043__F00,final_pantry_spice_jar_043,pantry_spice_jar,F00,0.00846422,-4.763407
final_pantry_spice_jar_043__F01,final_pantry_spice_jar_043,pantry_spice_jar,F01,0.59021363,0.364849
final_pantry_spice_jar_043__F10,final_pantry_spice_jar_043,pantry_spice_jar,F10,0.97983856,3.883616
final_pantry_spice_jar_043__F11,final_pantry_spice_jar_043,pantry_spice_jar,F11,0.96722381,3.384727
final_pantry_spice_jar_044__F00,final_pantry_spice_jar_044,pantry_spice_jar,F00,0.07464519,-2.517431
final_pantry_spice_jar_044__F01,final_pantry_spice_jar_044,pantry_spice_jar,F01,0.88595937,2.050116
final_pantry_spice_jar_044__F10,final_pantry_spice_jar_044,pantry_spice_jar,F10,0.99687878,5.766404
final_pantry_spice_jar_044__F11,final_pantry_spice_jar_044,pantry_spice_jar,F11,0.99430607,5.162645
final_pantry_spice_jar_045__F00,final_pantry_spice_jar_045,pantry_spice_jar,F00,0.00603169,-5.104679
final_pantry_spice_jar_045__F01,final_pantry_spice_jar_045,pantry_spice_jar,F01,0.67071783,0.711433
final_pantry_spice_jar_045__F10,final_pantry_spice_jar_045,pantry_spice_jar,F10,0.98861555,4.464057
final_pantry_spice_jar_045__F11,final_pantry_spice_jar_045,pantry_spice_jar,F11,0.95692182,3.100705
final_pantry_spice_jar_046__F00,final_pantry_spice_jar_046,pantry_spice_jar,F00,0.00945668,-4.651532
final_pantry_spice_jar_046__F01,final_pantry_spice_jar_046,pantry_spice_jar,F01,0.75038515,1.100667
final_pantry_spice_jar_046__F10,final_pantry_spice_jar_046,pantry_spice_jar,F10,0.99592308,5.498329
final_pantry_spice_jar_046__F11,final_pantry_spice_jar_046,pantry_spice_jar,F11,0.98864614,4.466779
final_pantry_spice_jar_047__F00,final_pantry_spice_jar_047,pantry_spice_jar,F00,0.04071401,-3.159617
final_pantry_spice_jar_047__F01,final_pantry_spice_jar_047,pantry_spice_jar,F01,0.91240951,2.343416
final_pantry_spice_jar_047__F10,final_pantry_spice_jar_047,pantry_spice_jar,F10,0.99424737,5.152328
final_pantry_spice_jar_047__F11,final_pantry_spice_jar_047,pantry_spice_jar,F11,0.98887809,4.487654
final_pantry_spice_jar_048__F00,final_pantry_spice_jar_048,pantry_spice_jar,F00,0.02305220,-3.746672
final_pantry_spice_jar_048__F01,final_pantry_spice_jar_048,pantry_spice_jar,F01,0.70406024,0.866708
final_pantry_spice_jar_048__F10,final_pantry_spice_jar_048,pantry_spice_jar,F10,0.99259757,4.898517
final_pantry_spice_jar_048__F11,final_pantry_spice_jar_048,pantry_spice_jar,F11,0.98144764,3.968432
final_pantry_spice_jar_049__F00,final_pantry_spice_jar_049,pantry_spice_jar,F00,0.00862369,-4.744581
final_pantry_spice_jar_049__F01,final_pantry_spice_jar_049,pantry_spice_jar,F01,0.44887813,-0.205205
final_pantry_spice_jar_049__F10,final_pantry_spice_jar_049,pantry_spice_jar,F10,0.97153232,3.530105
final_pantry_spice_jar_049__F11,final_pantry_spice_jar_049,pantry_spice_jar,F11,0.94976132,2.939425
final_pantry_spice_jar_050__F00,final_pantry_spice_jar_050,pantry_spice_jar,F00,0.04766218,-2.994782
final_pantry_spice_jar_050__F01,final_pantry_spice_jar_050,pantry_spice_jar,F01,0.94715402,2.886080
final_pantry_spice_jar_050__F10,final_pantry_spice_jar_050,pantry_spice_jar,F10,0.99629893,5.595427
final_pantry_spice_jar_050__F11,final_pantry_spice_jar_050,pantry_spice_jar,F11,0.99703854,5.819108
final_pantry_spice_jar_051__F00,final_pantry_spice_jar_051,pantry_spice_jar,F00,0.06823943,-2.614053
final_pantry_spice_jar_051__F01,final_pantry_spice_jar_051,pantry_spice_jar,F01,0.93987102,2.749251
final_pantry_spice_jar_051__F10,final_pantry_spice_jar_051,pantry_spice_jar,F10,0.99583373,5.476558
final_pantry_spice_jar_051__F11,final_pantry_spice_jar_051,pantry_spice_jar,F11,0.98944049,4.540113
final_pantry_spice_jar_052__F00,final_pantry_spice_jar_052,pantry_spice_jar,F00,0.01143509,-4.459567
final_pantry_spice_jar_052__F01,final_pantry_spice_jar_052,pantry_spice_jar,F01,0.70585638,0.875344
final_pantry_spice_jar_052__F10,final_pantry_spice_jar_052,pantry_spice_jar,F10,0.99471540,5.237660
final_pantry_spice_jar_052__F11,final_pantry_spice_jar_052,pantry_spice_jar,F11,0.99097562,4.698760
final_pantry_spice_jar_053__F00,final_pantry_spice_jar_053,pantry_spice_jar,F00,0.01124540,-4.476487
final_pantry_spice_jar_053__F01,final_pantry_spice_jar_053,pantry_spice_jar,F01,0.54780464,0.191804
final_pantry_spice_jar_053__F10,final_pantry_spice_jar_053,pantry_spice_jar,F10,0.96456736,3.304046
final_pantry_spice_jar_053__F11,final_pantry_spice_jar_053,pantry_spice_jar,F11,0.96512308,3.320430
final_pantry_spice_jar_054__F00,final_pantry_spice_jar_054,pantry_spice_jar,F00,0.01345339,-4.294979
final_pantry_spice_jar_054__F01,final_pantry_spice_jar_054,pantry_spice_jar,F01,0.57902297,0.318764
final_pantry_spice_jar_054__F10,final_pantry_spice_jar_054,pantry_spice_jar,F10,0.98187228,3.992019
final_pantry_spice_jar_054__F11,final_pantry_spice_jar_054,pantry_spice_jar,F11,0.97437292,3.638145
final_pantry_spice_jar_055__F00,final_pantry_spice_jar_055,pantry_spice_jar,F00,0.01024245,-4.570919
final_pantry_spice_jar_055__F01,final_pantry_spice_jar_055,pantry_spice_jar,F01,0.45979524,-0.161167
final_pantry_spice_jar_055__F10,final_pantry_spice_jar_055,pantry_spice_jar,F10,0.98098399,3.943275
final_pantry_spice_jar_055__F11,final_pantry_spice_jar_055,pantry_spice_jar,F11,0.96083975,3.200145
final_pantry_spice_jar_056__F00,final_pantry_spice_jar_056,pantry_spice_jar,F00,0.05615552,-2.821836
final_pantry_spice_jar_056__F01,final_pantry_spice_jar_056,pantry_spice_jar,F01,0.93444951,2.657137
final_pantry_spice_jar_056__F10,final_pantry_spice_jar_056,pantry_spice_jar,F10,0.99914139,7.059342
final_pantry_spice_jar_056__F11,final_pantry_spice_jar_056,pantry_spice_jar,F11,0.99861403,6.579965
final_pantry_spice_jar_057__F00,final_pantry_spice_jar_057,pantry_spice_jar,F00,0.01131424,-4.470314
final_pantry_spice_jar_057__F01,final_pantry_spice_jar_057,pantry_spice_jar,F01,0.47811768,-0.087585
final_pantry_spice_jar_057__F10,final_pantry_spice_jar_057,pantry_spice_jar,F10,0.96485769,3.312575
final_pantry_spice_jar_057__F11,final_pantry_spice_jar_057,pantry_spice_jar,F11,0.82668236,1.562295
final_pantry_spice_jar_058__F00,final_pantry_spice_jar_058,pantry_spice_jar,F00,0.02739310,-3.569689
final_pantry_spice_jar_058__F01,final_pantry_spice_jar_058,pantry_spice_jar,F01,0.85248145,1.754198
final_pantry_spice_jar_058__F10,final_pantry_spice_jar_058,pantry_spice_jar,F10,0.99529352,5.354098
final_pantry_spice_jar_058__F11,final_pantry_spice_jar_058,pantry_spice_jar,F11,0.98681637,4.315508
final_pantry_spice_jar_059__F00,final_pantry_spice_jar_059,pantry_spice_jar,F00,0.02779727,-3.554627
final_pantry_spice_jar_059__F01,final_pantry_spice_jar_059,pantry_spice_jar,F01,0.78065794,1.269505
final_pantry_spice_jar_059__F10,final_pantry_spice_jar_059,pantry_spice_jar,F10,0.99239076,4.870754
final_pantry_spice_jar_059__F11,final_pantry_spice_jar_059,pantry_spice_jar,F11,0.98929726,4.526495
final_pantry_spice_jar_060__F00,final_pantry_spice_jar_060,pantry_spice_jar,F00,0.03272889,-3.386221
final_pantry_spice_jar_060__F01,final_pantry_spice_jar_060,pantry_spice_jar,F01,0.86724294,1.876798
final_pantry_spice_jar_060__F10,final_pantry_spice_jar_060,pantry_spice_jar,F10,0.99046043,4.642722
final_pantry_spice_jar_060__F11,final_pantry_spice_jar_060,pantry_spice_jar,F11,0.98665236,4.302978
final_pantry_spice_jar_061__F00,final_pantry_spice_jar_061,pantry_spice_jar,F00,0.10544580,-2.138128
final_pantry_spice_jar_061__F01,final_pantry_spice_jar_061,pantry_spice_jar,F01,0.83411242,1.615058
final_pantry_spice_jar_061__F10,final_pantry_spice_jar_061,pantry_spice_jar,F10,0.99186026,4.802824
final_pantry_spice_jar_061__F11,final_pantry_spice_jar_061,pantry_spice_jar,F11,0.97678346,3.739400
final_pantry_spice_jar_062__F00,final_pantry_spice_jar_062,pantry_spice_jar,F00,0.04766218,-2.994782
final_pantry_spice_jar_062__F01,final_pantry_spice_jar_062,pantry_spice_jar,F01,0.86117456,1.825080
final_pantry_spice_jar_062__F10,final_pantry_spice_jar_062,pantry_spice_jar,F10,0.99703364,5.817448
final_pantry_spice_jar_062__F11,final_pantry_spice_jar_062,pantry_spice_jar,F11,0.98857857,4.460776
final_pantry_spice_jar_063__F00,final_pantry_spice_jar_063,pantry_spice_jar,F00,0.02331164,-3.735215
final_pantry_spice_jar_063__F01,final_pantry_spice_jar_063,pantry_spice_jar,F01,0.64015508,0.576037
final_pantry_spice_jar_063__F10,final_pantry_spice_jar_063,pantry_spice_jar,F10,0.98571709,4.234306
final_pantry_spice_jar_063__F11,final_pantry_spice_jar_063,pantry_spice_jar,F11,0.98632477,4.278400
final_pantry_spice_jar_064__F00,final_pantry_spice_jar_064,pantry_spice_jar,F00,0.01179278,-4.428405
final_pantry_spice_jar_064__F01,final_pantry_spice_jar_064,pantry_spice_jar,F01,0.67326317,0.722981
final_pantry_spice_jar_064__F10,final_pantry_spice_jar_064,pantry_spice_jar,F10,0.99495363,5.284026
final_pantry_spice_jar_064__F11,final_pantry_spice_jar_064,pantry_spice_jar,F11,0.99126966,4.732182
final_pantry_spice_jar_065__F00,final_pantry_spice_jar_065,pantry_spice_jar,F00,0.00812499,-4.804652
final_pantry_spice_jar_065__F01,final_pantry_spice_jar_065,pantry_spice_jar,F01,0.62585813,0.514489
final_pantry_spice_jar_065__F10,final_pantry_spice_jar_065,pantry_spice_jar,F10,0.98572815,4.235091
final_pantry_spice_jar_065__F11,final_pantry_spice_jar_065,pantry_spice_jar,F11,0.97681402,3.740749
final_pantry_spice_jar_066__F00,final_pantry_spice_jar_066,pantry_spice_jar,F00,0.00815891,-4.800453
final_pantry_spice_jar_066__F01,final_pantry_spice_jar_066,pantry_spice_jar,F01,0.63586813,0.557475
final_pantry_spice_jar_066__F10,final_pantry_spice_jar_066,pantry_spice_jar,F10,0.98119476,3.954636
final_pantry_spice_jar_066__F11,final_pantry_spice_jar_066,pantry_spice_jar,F11,0.95353852,3.021556
final_pantry_spice_jar_067__F00,final_pantry_spice_jar_067,pantry_spice_jar,F00,0.00699260,-4.955886
final_pantry_spice_jar_067__F01,final_pantry_spice_jar_067,pantry_spice_jar,F01,0.55541094,0.222558
final_pantry_spice_jar_067__F10,final_pantry_spice_jar_067,pantry_spice_jar,F10,0.94949614,2.933882
final_pantry_spice_jar_067__F11,final_pantry_spice_jar_067,pantry_spice_jar,F11,0.91198614,2.338130
final_pantry_spice_jar_068__F00,final_pantry_spice_jar_068,pantry_spice_jar,F00,0.07464519,-2.517431
final_pantry_spice_jar_068__F01,final_pantry_spice_jar_068,pantry_spice_jar,F01,0.94638843,2.870888
final_pantry_spice_jar_068__F10,final_pantry_spice_jar_068,pantry_spice_jar,F10,0.99731844,5.918670
final_pantry_spice_jar_068__F11,final_pantry_spice_jar_068,pantry_spice_jar,F11,0.99695946,5.792674
final_pantry_spice_jar_069__F00,final_pantry_spice_jar_069,pantry_spice_jar,F00,0.06981281,-2.589568
final_pantry_spice_jar_069__F01,final_pantry_spice_jar_069,pantry_spice_jar,F01,0.96761731,3.397213
final_pantry_spice_jar_069__F10,final_pantry_spice_jar_069,pantry_spice_jar,F10,0.99549223,5.397434
final_pantry_spice_jar_069__F11,final_pantry_spice_jar_069,pantry_spice_jar,F11,0.99305631,4.962955
final_pantry_spice_jar_070__F00,final_pantry_spice_jar_070,pantry_spice_jar,F00,0.02699157,-3.584868
final_pantry_spice_jar_070__F01,final_pantry_spice_jar_070,pantry_spice_jar,F01,0.84201501,1.673298
final_pantry_spice_jar_070__F10,final_pantry_spice_jar_070,pantry_spice_jar,F10,0.99754882,6.008734
final_pantry_spice_jar_070__F11,final_pantry_spice_jar_070,pantry_spice_jar,F11,0.99539374,5.375723
final_pantry_spice_jar_071__F00,final_pantry_spice_jar_071,pantry_spice_jar,F00,0.02804969,-3.545327
final_pantry_spice_jar_071__F01,final_pantry_spice_jar_071,pantry_spice_jar,F01,0.87993108,1.991778
final_pantry_spice_jar_071__F10,final_pantry_spice_jar_071,pantry_spice_jar,F10,0.99362140,5.048408
final_pantry_spice_jar_071__F11,final_pantry_spice_jar_071,pantry_spice_jar,F11,0.99212121,4.835671
final_pantry_spice_jar_072__F00,final_pantry_spice_jar_072,pantry_spice_jar,F00,0.04037497,-3.168333
final_pantry_spice_jar_072__F01,final_pantry_spice_jar_072,pantry_spice_jar,F01,0.80754922,1.434164
final_pantry_spice_jar_072__F10,final_pantry_spice_jar_072,pantry_spice_jar,F10,0.99689026,5.770102
final_pantry_spice_jar_072__F11,final_pantry_spice_jar_072,pantry_spice_jar,F11,0.99468251,5.231423
final_pantry_spice_jar_073__F00,final_pantry_spice_jar_073,pantry_spice_jar,F00,0.01081139,-4.516285
final_pantry_spice_jar_073__F01,final_pantry_spice_jar_073,pantry_spice_jar,F01,0.65270257,0.630940
final_pantry_spice_jar_073__F10,final_pantry_spice_jar_073,pantry_spice_jar,F10,0.98000663,3.892159
final_pantry_spice_jar_073__F11,final_pantry_spice_jar_073,pantry_spice_jar,F11,0.95095789,2.964791
final_pantry_spice_jar_074__F00,final_pantry_spice_jar_074,pantry_spice_jar,F00,0.05022886,-2.939631
final_pantry_spice_jar_074__F01,final_pantry_spice_jar_074,pantry_spice_jar,F01,0.87053504,1.905698
final_pantry_spice_jar_074__F10,final_pantry_spice_jar_074,pantry_spice_jar,F10,0.99433004,5.166887
final_pantry_spice_jar_074__F11,final_pantry_spice_jar_074,pantry_spice_jar,F11,0.98568671,4.232150
final_pantry_spice_jar_075__F00,final_pantry_spice_jar_075,pantry_spice_jar,F00,0.02288864,-3.753960
final_pantry_spice_jar_075__F01,final_pantry_spice_jar_075,pantry_spice_jar,F01,0.65905562,0.659089
final_pantry_spice_jar_075__F10,final_pantry_spice_jar_075,pantry_spice_jar,F10,0.98621491,4.270287
final_pantry_spice_jar_075__F11,final_pantry_spice_jar_075,pantry_spice_jar,F11,0.94400356,2.824842
final_pantry_spice_jar_076__F00,final_pantry_spice_jar_076,pantry_spice_jar,F00,0.03491978,-3.319158
final_pantry_spice_jar_076__F01,final_pantry_spice_jar_076,pantry_spice_jar,F01,0.78243613,1.279920
final_pantry_spice_jar_076__F10,final_pantry_spice_jar_076,pantry_spice_jar,F10,0.99476161,5.246489
final_pantry_spice_jar_076__F11,final_pantry_spice_jar_076,pantry_spice_jar,F11,0.98809742,4.419026
final_pantry_spice_jar_077__F00,final_pantry_spice_jar_077,pantry_spice_jar,F00,0.00955272,-4.641331
final_pantry_spice_jar_077__F01,final_pantry_spice_jar_077,pantry_spice_jar,F01,0.69660350,0.831176
final_pantry_spice_jar_077__F10,final_pantry_spice_jar_077,pantry_spice_jar,F10,0.98216512,4.008603
final_pantry_spice_jar_077__F11,final_pantry_spice_jar_077,pantry_spice_jar,F11,0.97424263,3.632940
final_pantry_spice_jar_078__F00,final_pantry_spice_jar_078,pantry_spice_jar,F00,0.02731736,-3.572536
final_pantry_spice_jar_078__F01,final_pantry_spice_jar_078,pantry_spice_jar,F01,0.78182758,1.276349
final_pantry_spice_jar_078__F10,final_pantry_spice_jar_078,pantry_spice_jar,F10,0.99725516,5.895285
final_pantry_spice_jar_078__F11,final_pantry_spice_jar_078,pantry_spice_jar,F11,0.98431982,4.139553
final_pantry_spice_jar_079__F00,final_pantry_spice_jar_079,pantry_spice_jar,F00,0.00653565,-5.023926
final_pantry_spice_jar_079__F01,final_pantry_spice_jar_079,pantry_spice_jar,F01,0.30037716,-0.845503
final_pantry_spice_jar_079__F10,final_pantry_spice_jar_079,pantry_spice_jar,F10,0.95475716,3.049413
final_pantry_spice_jar_079__F11,final_pantry_spice_jar_079,pantry_spice_jar,F11,0.84798475,1.718882
final_pantry_spice_jar_080__F00,final_pantry_spice_jar_080,pantry_spice_jar,F00,0.05615552,-2.821836
final_pantry_spice_jar_080__F01,final_pantry_spice_jar_080,pantry_spice_jar,F01,0.94122778,2.773516
final_pantry_spice_jar_080__F10,final_pantry_spice_jar_080,pantry_spice_jar,F10,0.99834217,6.400586
final_pantry_spice_jar_080__F11,final_pantry_spice_jar_080,pantry_spice_jar,F11,0.99752523,5.999131
final_pantry_spice_jar_081__F00,final_pantry_spice_jar_081,pantry_spice_jar,F00,0.01199208,-4.411444
final_pantry_spice_jar_081__F01,final_pantry_spice_jar_081,pantry_spice_jar,F01,0.65111217,0.623931
final_pantry_spice_jar_081__F10,final_pantry_spice_jar_081,pantry_spice_jar,F10,0.90198041,2.219425
final_pantry_spice_jar_081__F11,final_pantry_spice_jar_081,pantry_spice_jar,F11,0.77174831,1.218210
final_pantry_spice_jar_082__F00,final_pantry_spice_jar_082,pantry_spice_jar,F00,0.05056507,-2.932606
final_pantry_spice_jar_082__F01,final_pantry_spice_jar_082,pantry_spice_jar,F01,0.87592475,1.954392
final_pantry_spice_jar_082__F10,final_pantry_spice_jar_082,pantry_spice_jar,F10,0.99513307,5.320412
final_pantry_spice_jar_082__F11,final_pantry_spice_jar_082,pantry_spice_jar,F11,0.99565980,5.435485
final_pantry_spice_jar_083__F00,final_pantry_spice_jar_083,pantry_spice_jar,F00,0.02779727,-3.554627
final_pantry_spice_jar_083__F01,final_pantry_spice_jar_083,pantry_spice_jar,F01,0.51384475,0.055393
final_pantry_spice_jar_083__F10,final_pantry_spice_jar_083,pantry_spice_jar,F10,0.90539152,2.258620
final_pantry_spice_jar_083__F11,final_pantry_spice_jar_083,pantry_spice_jar,F11,0.79666560,1.365583
final_pantry_spice_jar_084__F00,final_pantry_spice_jar_084,pantry_spice_jar,F00,0.03483810,-3.321584
final_pantry_spice_jar_084__F01,final_pantry_spice_jar_084,pantry_spice_jar,F01,0.90196033,2.219198
final_pantry_spice_jar_084__F10,final_pantry_spice_jar_084,pantry_spice_jar,F10,0.99712010,5.847114
final_pantry_spice_jar_084__F11,final_pantry_spice_jar_084,pantry_spice_jar,F11,0.99474874,5.244022
final_pantry_spice_jar_085__F00,final_pantry_spice_jar_085,pantry_spice_jar,F00,0.01310554,-4.321528
final_pantry_spice_jar_085__F01,final_pantry_spice_jar_085,pantry_spice_jar,F01,0.67940635,0.751045
final_pantry_spice_jar_085__F10,final_pantry_spice_jar_085,pantry_spice_jar,F10,0.98514151,4.194214
final_pantry_spice_jar_085__F11,final_pantry_spice_jar_085,pantry_spice_jar,F11,0.97257465,3.568479
final_pantry_spice_jar_086__F00,final_pantry_spice_jar_086,pantry_spice_jar,F00,0.05022886,-2.939631
final_pantry_spice_jar_086__F01,final_pantry_spice_jar_086,pantry_spice_jar,F01,0.88742263,2.064681
final_pantry_spice_jar_086__F10,final_pantry_spice_jar_086,pantry_spice_jar,F10,0.99480783,5.255399
final_pantry_spice_jar_086__F11,final_pantry_spice_jar_086,pantry_spice_jar,F11,0.99030987,4.626910
final_pantry_spice_jar_087__F00,final_pantry_spice_jar_087,pantry_spice_jar,F00,0.01650422,-4.087497
final_pantry_spice_jar_087__F01,final_pantry_spice_jar_087,pantry_spice_jar,F01,0.66172970,0.671012
final_pantry_spice_jar_087__F10,final_pantry_spice_jar_087,pantry_spice_jar,F10,0.98783046,4.396575
final_pantry_spice_jar_087__F11,final_pantry_spice_jar_087,pantry_spice_jar,F11,0.98201902,4.000296
final_pantry_spice_jar_088__F00,final_pantry_spice_jar_088,pantry_spice_jar,F00,0.03491978,-3.319158
final_pantry_spice_jar_088__F01,final_pantry_spice_jar_088,pantry_spice_jar,F01,0.86157303,1.828417
final_pantry_spice_jar_088__F10,final_pantry_spice_jar_088,pantry_spice_jar,F10,0.99181398,4.797108
final_pantry_spice_jar_088__F11,final_pantry_spice_jar_088,pantry_spice_jar,F11,0.98977803,4.572942
final_pantry_spice_jar_089__F00,final_pantry_spice_jar_089,pantry_spice_jar,F00,0.01048779,-4.547000
final_pantry_spice_jar_089__F01,final_pantry_spice_jar_089,pantry_spice_jar,F01,0.62651234,0.517284
final_pantry_spice_jar_089__F10,final_pantry_spice_jar_089,pantry_spice_jar,F10,0.98267578,4.038174
final_pantry_spice_jar_089__F11,final_pantry_spice_jar_089,pantry_spice_jar,F11,0.96836521,3.421352
final_pantry_spice_jar_090__F00,final_pantry_spice_jar_090,pantry_spice_jar,F00,0.01635489,-4.096738
final_pantry_spice_jar_090__F01,final_pantry_spice_jar_090,pantry_spice_jar,F01,0.82556123,1.554490
final_pantry_spice_jar_090__F10,final_pantry_spice_jar_090,pantry_spice_jar,F10,0.99639993,5.623194
final_pantry_spice_jar_090__F11,final_pantry_spice_jar_090,pantry_spice_jar,F11,0.99466592,5.228290
final_pantry_spice_jar_091__F00,final_pantry_spice_jar_091,pantry_spice_jar,F00,0.09261544,-2.282110
final_pantry_spice_jar_091__F01,final_pantry_spice_jar_091,pantry_spice_jar,F01,0.94647689,2.872633
final_pantry_spice_jar_091__F10,final_pantry_spice_jar_091,pantry_spice_jar,F10,0.99355388,5.037809
final_pantry_spice_jar_091__F11,final_pantry_spice_jar_091,pantry_spice_jar,F11,0.98235410,4.019448
final_pantry_spice_jar_092__F00,final_pantry_spice_jar_092,pantry_spice_jar,F00,0.05615552,-2.821836
final_pantry_spice_jar_092__F01,final_pantry_spice_jar_092,pantry_spice_jar,F01,0.95565917,3.070495
final_pantry_spice_jar_092__F10,final_pantry_spice_jar_092,pantry_spice_jar,F10,0.99932559,7.301001
final_pantry_spice_jar_092__F11,final_pantry_spice_jar_092,pantry_spice_jar,F11,0.99776946,6.103278
final_pantry_spice_jar_093__F00,final_pantry_spice_jar_093,pantry_spice_jar,F00,0.00603169,-5.104679
final_pantry_spice_jar_093__F01,final_pantry_spice_jar_093,pantry_spice_jar,F01,0.57260491,0.292487
final_pantry_spice_jar_093__F10,final_pantry_spice_jar_093,pantry_spice_jar,F10,0.94844374,2.912149
final_pantry_spice_jar_093__F11,final_pantry_spice_jar_093,pantry_spice_jar,F11,0.85106035,1.742942
final_pantry_spice_jar_094__F00,final_pantry_spice_jar_094,pantry_spice_jar,F00,0.02699157,-3.584868
final_pantry_spice_jar_094__F01,final_pantry_spice_jar_094,pantry_spice_jar,F01,0.89883104,2.184303
final_pantry_spice_jar_094__F10,final_pantry_spice_jar_094,pantry_spice_jar,F10,0.99732987,5.922956
final_pantry_spice_jar_094__F11,final_pantry_spice_jar_094,pantry_spice_jar,F11,0.99488757,5.270954
final_pantry_spice_jar_095__F00,final_pantry_spice_jar_095,pantry_spice_jar,F00,0.03495590,-3.318087
final_pantry_spice_jar_095__F01,final_pantry_spice_jar_095,pantry_spice_jar,F01,0.83980569,1.656783
final_pantry_spice_jar_095__F10,final_pantry_spice_jar_095,pantry_spice_jar,F10,0.99406110,5.120275
final_pantry_spice_jar_095__F11,final_pantry_spice_jar_095,pantry_spice_jar,F11,0.99414659,5.134859
final_pantry_spice_jar_096__F00,final_pantry_spice_jar_096,pantry_spice_jar,F00,0.02305220,-3.746672
final_pantry_spice_jar_096__F01,final_pantry_spice_jar_096,pantry_spice_jar,F01,0.83405835,1.614667
final_pantry_spice_jar_096__F10,final_pantry_spice_jar_096,pantry_spice_jar,F10,0.99590692,5.494355
final_pantry_spice_jar_096__F11,final_pantry_spice_jar_096,pantry_spice_jar,F11,0.98966765,4.562090
final_pantry_spice_jar_097__F00,final_pantry_spice_jar_097,pantry_spice_jar,F00,0.01310554,-4.321528
final_pantry_spice_jar_097__F01,final_pantry_spice_jar_097,pantry_spice_jar,F01,0.78240800,1.279755
final_pantry_spice_jar_097__F10,final_pantry_spice_jar_097,pantry_spice_jar,F10,0.97578733,3.696369
final_pantry_spice_jar_097__F11,final_pantry_spice_jar_097,pantry_spice_jar,F11,0.97938715,3.861012
final_pantry_spice_jar_098__F00,final_pantry_spice_jar_098,pantry_spice_jar,F00,0.06727659,-2.629296
final_pantry_spice_jar_098__F01,final_pantry_spice_jar_098,pantry_spice_jar,F01,0.94114757,2.772067
final_pantry_spice_jar_098__F10,final_pantry_spice_jar_098,pantry_spice_jar,F10,0.99828149,6.364580
final_pantry_spice_jar_098__F11,final_pantry_spice_jar_098,pantry_spice_jar,F11,0.99718992,5.871727
final_pantry_spice_jar_099__F00,final_pantry_spice_jar_099,pantry_spice_jar,F00,0.01694076,-4.060947
final_pantry_spice_jar_099__F01,final_pantry_spice_jar_099,pantry_spice_jar,F01,0.51655383,0.066240
final_pantry_spice_jar_099__F10,final_pantry_spice_jar_099,pantry_spice_jar,F10,0.98165323,3.979785
final_pantry_spice_jar_099__F11,final_pantry_spice_jar_099,pantry_spice_jar,F11,0.92598427,2.526580
final_pantry_spice_jar_100__F00,final_pantry_spice_jar_100,pantry_spice_jar,F00,0.01097350,-4.501238
final_pantry_spice_jar_100__F01,final_pantry_spice_jar_100,pantry_spice_jar,F01,0.90471435,2.250740
final_pantry_spice_jar_100__F10,final_pantry_spice_jar_100,pantry_spice_jar,F10,0.99643726,5.633656
final_pantry_spice_jar_100__F11,final_pantry_spice_jar_100,pantry_spice_jar,F11,0.99659188,5.678182
final_pantry_spice_jar_101__F00,final_pantry_spice_jar_101,pantry_spice_jar,F00,0.04061114,-3.162254
final_pantry_spice_jar_101__F01,final_pantry_spice_jar_101,pantry_spice_jar,F01,0.85905718,1.807481
final_pantry_spice_jar_101__F10,final_pantry_spice_jar_101,pantry_spice_jar,F10,0.98795015,4.406580
final_pantry_spice_jar_101__F11,final_pantry_spice_jar_101,pantry_spice_jar,F11,0.98127429,3.958954
final_pantry_spice_jar_102__F00,final_pantry_spice_jar_102,pantry_spice_jar,F00,0.02731736,-3.572536
final_pantry_spice_jar_102__F01,final_pantry_spice_jar_102,pantry_spice_jar,F01,0.56134049,0.246604
final_pantry_spice_jar_102__F10,final_pantry_spice_jar_102,pantry_spice_jar,F10,0.96564587,3.336075
final_pantry_spice_jar_102__F11,final_pantry_spice_jar_102,pantry_spice_jar,F11,0.89801794,2.175393
final_pantry_spice_jar_103__F00,final_pantry_spice_jar_103,pantry_spice_jar,F00,0.09261544,-2.282110
final_pantry_spice_jar_103__F01,final_pantry_spice_jar_103,pantry_spice_jar,F01,0.56682955,0.268927
final_pantry_spice_jar_103__F10,final_pantry_spice_jar_103,pantry_spice_jar,F10,0.87862000,1.979426
final_pantry_spice_jar_103__F11,final_pantry_spice_jar_103,pantry_spice_jar,F11,0.78542388,1.297559
final_pantry_spice_jar_104__F00,final_pantry_spice_jar_104,pantry_spice_jar,F00,0.04494030,-3.056439
final_pantry_spice_jar_104__F01,final_pantry_spice_jar_104,pantry_spice_jar,F01,0.96931519,3.452822
final_pantry_spice_jar_104__F10,final_pantry_spice_jar_104,pantry_spice_jar,F10,0.99674969,5.725749
final_pantry_spice_jar_104__F11,final_pantry_spice_jar_104,pantry_spice_jar,F11,0.99659358,5.678682
final_pantry_spice_jar_105__F00,final_pantry_spice_jar_105,pantry_spice_jar,F00,0.06981281,-2.589568
final_pantry_spice_jar_105__F01,final_pantry_spice_jar_105,pantry_spice_jar,F01,0.93378496,2.646339
final_pantry_spice_jar_105__F10,final_pantry_spice_jar_105,pantry_spice_jar,F10,0.99590524,5.493945
final_pantry_spice_jar_105__F11,final_pantry_spice_jar_105,pantry_spice_jar,F11,0.99301240,4.956606
final_pantry_spice_jar_106__F00,final_pantry_spice_jar_106,pantry_spice_jar,F00,0.03830653,-3.223075
final_pantry_spice_jar_106__F01,final_pantry_spice_jar_106,pantry_spice_jar,F01,0.86940638,1.895720
final_pantry_spice_jar_106__F10,final_pantry_spice_jar_106,pantry_spice_jar,F10,0.99580426,5.469482
final_pantry_spice_jar_106__F11,final_pantry_spice_jar_106,pantry_spice_jar,F11,0.99313490,4.974416
final_pantry_spice_jar_107__F00,final_pantry_spice_jar_107,pantry_spice_jar,F00,0.02779727,-3.554627
final_pantry_spice_jar_107__F01,final_pantry_spice_jar_107,pantry_spice_jar,F01,0.81020764,1.451360
final_pantry_spice_jar_107__F10,final_pantry_spice_jar_107,pantry_spice_jar,F10,0.99096174,4.697209
final_pantry_spice_jar_107__F11,final_pantry_spice_jar_107,pantry_spice_jar,F11,0.98657176,4.296876
final_pantry_spice_jar_108__F00,final_pantry_spice_jar_108,pantry_spice_jar,F00,0.02033015,-3.875110
final_pantry_spice_jar_108__F01,final_pantry_spice_jar_108,pantry_spice_jar,F01,0.84100713,1.665741
final_pantry_spice_jar_108__F10,final_pantry_spice_jar_108,pantry_spice_jar,F10,0.99320305,4.984461
final_pantry_spice_jar_108__F11,final_pantry_spice_jar_108,pantry_spice_jar,F11,0.98128520,3.959548
final_pantry_spice_jar_109__F00,final_pantry_spice_jar_109,pantry_spice_jar,F00,0.01138137,-4.464330
final_pantry_spice_jar_109__F01,final_pantry_spice_jar_109,pantry_spice_jar,F01,0.50820598,0.032827
final_pantry_spice_jar_109__F10,final_pantry_spice_jar_109,pantry_spice_jar,F10,0.98392617,4.114358
final_pantry_spice_jar_109__F11,final_pantry_spice_jar_109,pantry_spice_jar,F11,0.94555153,2.854514
final_pantry_spice_jar_110__F00,final_pantry_spice_jar_110,pantry_spice_jar,F00,0.02850865,-3.528625
final_pantry_spice_jar_110__F01,final_pantry_spice_jar_110,pantry_spice_jar,F01,0.89400611,2.132331
final_pantry_spice_jar_110__F10,final_pantry_spice_jar_110,pantry_spice_jar,F10,0.99389385,5.092333
final_pantry_spice_jar_110__F11,final_pantry_spice_jar_110,pantry_spice_jar,F11,0.99046786,4.643508
final_pantry_spice_jar_111__F00,final_pantry_spice_jar_111,pantry_spice_jar,F00,0.01650422,-4.087497
final_pantry_spice_jar_111__F01,final_pantry_spice_jar_111,pantry_spice_jar,F01,0.62672993,0.518213
final_pantry_spice_jar_111__F10,final_pantry_spice_jar_111,pantry_spice_jar,F10,0.98521045,4.198934
final_pantry_spice_jar_111__F11,final_pantry_spice_jar_111,pantry_spice_jar,F11,0.96766332,3.398682
final_pantry_spice_jar_112__F00,final_pantry_spice_jar_112,pantry_spice_jar,F00,0.01541663,-4.156772
final_pantry_spice_jar_112__F01,final_pantry_spice_jar_112,pantry_spice_jar,F01,0.76851328,1.199935
final_pantry_spice_jar_112__F10,final_pantry_spice_jar_112,pantry_spice_jar,F10,0.97920783,3.852167
final_pantry_spice_jar_112__F11,final_pantry_spice_jar_112,pantry_spice_jar,F11,0.98189957,3.993553
final_pantry_spice_jar_113__F00,final_pantry_spice_jar_113,pantry_spice_jar,F00,0.04061114,-3.162254
final_pantry_spice_jar_113__F01,final_pantry_spice_jar_113,pantry_spice_jar,F01,0.88733123,2.063766
final_pantry_spice_jar_113__F10,final_pantry_spice_jar_113,pantry_spice_jar,F10,0.99478435,5.250862
final_pantry_spice_jar_113__F11,final_pantry_spice_jar_113,pantry_spice_jar,F11,0.98603310,4.257000
final_pantry_spice_jar_114__F00,final_pantry_spice_jar_114,pantry_spice_jar,F00,0.01332482,-4.304713
final_pantry_spice_jar_114__F01,final_pantry_spice_jar_114,pantry_spice_jar,F01,0.71826460,0.935870
final_pantry_spice_jar_114__F10,final_pantry_spice_jar_114,pantry_spice_jar,F10,0.98655725,4.295782
final_pantry_spice_jar_114__F11,final_pantry_spice_jar_114,pantry_spice_jar,F11,0.98997584,4.592683
final_pantry_spice_jar_115__F00,final_pantry_spice_jar_115,pantry_spice_jar,F00,0.09261544,-2.282110
final_pantry_spice_jar_115__F01,final_pantry_spice_jar_115,pantry_spice_jar,F01,0.88859115,2.076430
final_pantry_spice_jar_115__F10,final_pantry_spice_jar_115,pantry_spice_jar,F10,0.99571627,5.448639
final_pantry_spice_jar_115__F11,final_pantry_spice_jar_115,pantry_spice_jar,F11,0.99202165,4.823014
final_pantry_spice_jar_116__F00,final_pantry_spice_jar_116,pantry_spice_jar,F00,0.07464519,-2.517431
final_pantry_spice_jar_116__F01,final_pantry_spice_jar_116,pantry_spice_jar,F01,0.84477454,1.694191
final_pantry_spice_jar_116__F10,final_pantry_spice_jar_116,pantry_spice_jar,F10,0.99569300,5.443198
final_pantry_spice_jar_116__F11,final_pantry_spice_jar_116,pantry_spice_jar,F11,0.99356245,5.039149
final_pantry_spice_jar_117__F00,final_pantry_spice_jar_117,pantry_spice_jar,F00,0.01131424,-4.470314
final_pantry_spice_jar_117__F01,final_pantry_spice_jar_117,pantry_spice_jar,F01,0.63125030,0.537584
final_pantry_spice_jar_117__F10,final_pantry_spice_jar_117,pantry_spice_jar,F10,0.99170880,4.784235
final_pantry_spice_jar_117__F11,final_pantry_spice_jar_117,pantry_spice_jar,F11,0.96375558,3.280552
final_pantry_spice_jar_118__F00,final_pantry_spice_jar_118,pantry_spice_jar,F00,0.05056507,-2.932606
final_pantry_spice_jar_118__F01,final_pantry_spice_jar_118,pantry_spice_jar,F01,0.74156082,1.054097
final_pantry_spice_jar_118__F10,final_pantry_spice_jar_118,pantry_spice_jar,F10,0.99185233,4.801843
final_pantry_spice_jar_118__F11,final_pantry_spice_jar_118,pantry_spice_jar,F11,0.99191525,4.809659
final_pantry_spice_jar_119__F00,final_pantry_spice_jar_119,pantry_spice_jar,F00,0.01897942,-3.945238
final_pantry_spice_jar_119__F01,final_pantry_spice_jar_119,pantry_spice_jar,F01,0.37545120,-0.508901
final_pantry_spice_jar_119__F10,final_pantry_spice_jar_119,pantry_spice_jar,F10,0.97082973,3.505001
final_pantry_spice_jar_119__F11,final_pantry_spice_jar_119,pantry_spice_jar,F11,0.94845317,2.912342
final_school_coat_cubby_000__F00,final_school_coat_cubby_000,school_coat_cubby,F00,0.28457207,-0.921894
final_school_coat_cubby_000__F01,final_school_coat_cubby_000,school_coat_cubby,F01,0.98463365,4.160090
final_school_coat_cubby_000__F10,final_school_coat_cubby_000,school_coat_cubby,F10,0.99940457,7.425635
final_school_coat_cubby_000__F11,final_school_coat_cubby_000,school_coat_cubby,F11,0.99914636,7.065144
final_school_coat_cubby_001__F00,final_school_coat_cubby_001,school_coat_cubby,F00,0.30631520,-0.817403
final_school_coat_cubby_001__F01,final_school_coat_cubby_001,school_coat_cubby,F01,0.94028826,2.756658
final_school_coat_cubby_001__F10,final_school_coat_cubby_001,school_coat_cubby,F10,0.99954060,7.685130
final_school_coat_cubby_001__F11,final_school_coat_cubby_001,school_coat_cubby,F11,0.99704136,5.820062
final_school_coat_cubby_002__F00,final_school_coat_cubby_002,school_coat_cubby,F00,0.42914785,-0.285329
final_school_coat_cubby_002__F01,final_school_coat_cubby_002,school_coat_cubby,F01,0.97952253,3.867740
final_school_coat_cubby_002__F10,final_school_coat_cubby_002,school_coat_cubby,F10,0.99893587,6.844535
final_school_coat_cubby_002__F11,final_school_coat_cubby_002,school_coat_cubby,F11,0.99841290,6.444257
final_school_coat_cubby_003__F00,final_school_coat_cubby_003,school_coat_cubby,F00,0.68369478,0.770804
final_school_coat_cubby_003__F01,final_school_coat_cubby_003,school_coat_cubby,F01,0.98047114,3.916140
final_school_coat_cubby_003__F10,final_school_coat_cubby_003,school_coat_cubby,F10,0.99864034,6.599163
final_school_coat_cubby_003__F11,final_school_coat_cubby_003,school_coat_cubby,F11,0.99860024,6.570051
final_school_coat_cubby_004__F00,final_school_coat_cubby_004,school_coat_cubby,F00,0.29435647,-0.874319
final_school_coat_cubby_004__F01,final_school_coat_cubby_004,school_coat_cubby,F01,0.98625767,4.273437
final_school_coat_cubby_004__F10,final_school_coat_cubby_004,school_coat_cubby,F10,0.99941853,7.449369
final_school_coat_cubby_004__F11,final_school_coat_cubby_004,school_coat_cubby,F11,0.99934425,7.329071
final_school_coat_cubby_005__F00,final_school_coat_cubby_005,school_coat_cubby,F00,0.37310765,-0.518908
final_school_coat_cubby_005__F01,final_school_coat_cubby_005,school_coat_cubby,F01,0.98046034,3.915576
final_school_coat_cubby_005__F10,final_school_coat_cubby_005,school_coat_cubby,F10,0.99941140,7.437177
final_school_coat_cubby_005__F11,final_school_coat_cubby_005,school_coat_cubby,F11,0.99822126,6.330068
final_school_coat_cubby_006__F00,final_school_coat_cubby_006,school_coat_cubby,F00,0.40249407,-0.395084
final_school_coat_cubby_006__F01,final_school_coat_cubby_006,school_coat_cubby,F01,0.98882591,4.482921
final_school_coat_cubby_006__F10,final_school_coat_cubby_006,school_coat_cubby,F10,0.99962431,7.886363
final_school_coat_cubby_006__F11,final_school_coat_cubby_006,school_coat_cubby,F11,0.99920001,7.130107
final_school_coat_cubby_007__F00,final_school_coat_cubby_007,school_coat_cubby,F00,0.25903952,-1.050967
final_school_coat_cubby_007__F01,final_school_coat_cubby_007,school_coat_cubby,F01,0.94976317,2.939464
final_school_coat_cubby_007__F10,final_school_coat_cubby_007,school_coat_cubby,F10,0.99872430,6.662982
final_school_coat_cubby_007__F11,final_school_coat_cubby_007,school_coat_cubby,F11,0.99777842,6.107312
final_school_coat_cubby_008__F00,final_school_coat_cubby_008,school_coat_cubby,F00,0.41185343,-0.356309
final_school_coat_cubby_008__F01,final_school_coat_cubby_008,school_coat_cubby,F01,0.98723430,4.348145
final_school_coat_cubby_008__F10,final_school_coat_cubby_008,school_coat_cubby,F10,0.99940523,7.426743
final_school_coat_cubby_008__F11,final_school_coat_cubby_008,school_coat_cubby,F11,0.99855632,6.539114
final_school_coat_cubby_009__F00,final_school_coat_cubby_009,school_coat_cubby,F00,0.50339352,0.013574
final_school_coat_cubby_009__F01,final_school_coat_cubby_009,school_coat_cubby,F01,0.97880519,3.832576
final_school_coat_cubby_009__F10,final_school_coat_cubby_009,school_coat_cubby,F10,0.99966296,7.994969
final_school_coat_cubby_009__F11,final_school_coat_cubby_009,school_coat_cubby,F11,0.99913571,7.052739
final_school_coat_cubby_010__F00,final_school_coat_cubby_010,school_coat_cubby,F00,0.45500902,-0.180452
final_school_coat_cubby_010__F01,final_school_coat_cubby_010,school_coat_cubby,F01,0.99014630,4.610005
final_school_coat_cubby_010__F10,final_school_coat_cubby_010,school_coat_cubby,F10,0.99965134,7.961069
final_school_coat_cubby_010__F11,final_school_coat_cubby_010,school_coat_cubby,F11,0.99963736,7.921750
final_school_coat_cubby_011__F00,final_school_coat_cubby_011,school_coat_cubby,F00,0.26603206,-1.014849
final_school_coat_cubby_011__F01,final_school_coat_cubby_011,school_coat_cubby,F01,0.96490893,3.314087
final_school_coat_cubby_011__F10,final_school_coat_cubby_011,school_coat_cubby,F10,0.99864151,6.600023
final_school_coat_cubby_011__F11,final_school_coat_cubby_011,school_coat_cubby,F11,0.99710195,5.840815
final_school_coat_cubby_012__F00,final_school_coat_cubby_012,school_coat_cubby,F00,0.60066252,0.408226
final_school_coat_cubby_012__F01,final_school_coat_cubby_012,school_coat_cubby,F01,0.98602789,4.256621
final_school_coat_cubby_012__F10,final_school_coat_cubby_012,school_coat_cubby,F10,0.99935756,7.349588
final_school_coat_cubby_012__F11,final_school_coat_cubby_012,school_coat_cubby,F11,0.99851947,6.513872
final_school_coat_cubby_013__F00,final_school_coat_cubby_013,school_coat_cubby,F00,0.25214836,-1.087187
final_school_coat_cubby_013__F01,final_school_coat_cubby_013,school_coat_cubby,F01,0.93967214,2.745737
final_school_coat_cubby_013__F10,final_school_coat_cubby_013,school_coat_cubby,F10,0.99813695,6.283674
final_school_coat_cubby_013__F11,final_school_coat_cubby_013,school_coat_cubby,F11,0.99679890,5.741054
final_school_coat_cubby_014__F00,final_school_coat_cubby_014,school_coat_cubby,F00,0.42588532,-0.298659
final_school_coat_cubby_014__F01,final_school_coat_cubby_014,school_coat_cubby,F01,0.97778781,3.784651
final_school_coat_cubby_014__F10,final_school_coat_cubby_014,school_coat_cubby,F10,0.99904859,6.956610
final_school_coat_cubby_014__F11,final_school_coat_cubby_014,school_coat_cubby,F11,0.99848136,6.488418
final_school_coat_cubby_015__F00,final_school_coat_cubby_015,school_coat_cubby,F00,0.29872598,-0.853372
final_school_coat_cubby_015__F01,final_school_coat_cubby_015,school_coat_cubby,F01,0.95897255,3.151621
final_school_coat_cubby_015__F10,final_school_coat_cubby_015,school_coat_cubby,F10,0.99873237,6.669341
final_school_coat_cubby_015__F11,final_school_coat_cubby_015,school_coat_cubby,F11,0.99741645,5.956003
final_school_coat_cubby_016__F00,final_school_coat_cubby_016,school_coat_cubby,F00,0.53008408,0.120482
final_school_coat_cubby_016__F01,final_school_coat_cubby_016,school_coat_cubby,F01,0.98341687,4.082648
final_school_coat_cubby_016__F10,final_school_coat_cubby_016,school_coat_cubby,F10,0.99903051,6.937766
final_school_coat_cubby_016__F11,final_school_coat_cubby_016,school_coat_cubby,F11,0.99881484,6.736688
final_school_coat_cubby_017__F00,final_school_coat_cubby_017,school_coat_cubby,F00,0.37310765,-0.518908
final_school_coat_cubby_017__F01,final_school_coat_cubby_017,school_coat_cubby,F01,0.96236902,3.241570
final_school_coat_cubby_017__F10,final_school_coat_cubby_017,school_coat_cubby,F10,0.99871056,6.652260
final_school_coat_cubby_017__F11,final_school_coat_cubby_017,school_coat_cubby,F11,0.99777138,6.104142
final_school_coat_cubby_018__F00,final_school_coat_cubby_018,school_coat_cubby,F00,0.41389220,-0.347898
final_school_coat_cubby_018__F01,final_school_coat_cubby_018,school_coat_cubby,F01,0.99003359,4.598519
final_school_coat_cubby_018__F10,final_school_coat_cubby_018,school_coat_cubby,F10,0.99961883,7.871878
final_school_coat_cubby_018__F11,final_school_coat_cubby_018,school_coat_cubby,F11,0.99952706,7.656068
final_school_coat_cubby_019__F00,final_school_coat_cubby_019,school_coat_cubby,F00,0.50906847,0.036278
final_school_coat_cubby_019__F01,final_school_coat_cubby_019,school_coat_cubby,F01,0.98789306,4.401795
final_school_coat_cubby_019__F10,final_school_coat_cubby_019,school_coat_cubby,F10,0.99901423,6.921101
final_school_coat_cubby_019__F11,final_school_coat_cubby_019,school_coat_cubby,F11,0.99932255,7.296497
final_school_coat_cubby_020__F00,final_school_coat_cubby_020,school_coat_cubby,F00,0.31171656,-0.792106
final_school_coat_cubby_020__F01,final_school_coat_cubby_020,school_coat_cubby,F01,0.97233285,3.559452
final_school_coat_cubby_020__F10,final_school_coat_cubby_020,school_coat_cubby,F10,0.99912146,7.036371
final_school_coat_cubby_020__F11,final_school_coat_cubby_020,school_coat_cubby,F11,0.99922172,7.157643
final_school_coat_cubby_021__F00,final_school_coat_cubby_021,school_coat_cubby,F00,0.75153484,1.106815
final_school_coat_cubby_021__F01,final_school_coat_cubby_021,school_coat_cubby,F01,0.99367065,5.056208
final_school_coat_cubby_021__F10,final_school_coat_cubby_021,school_coat_cubby,F10,0.99982143,8.630341
final_school_coat_cubby_021__F11,final_school_coat_cubby_021,school_coat_cubby,F11,0.99931532,7.285875
final_school_coat_cubby_022__F00,final_school_coat_cubby_022,school_coat_cubby,F00,0.63214937,0.541449
final_school_coat_cubby_022__F01,final_school_coat_cubby_022,school_coat_cubby,F01,0.99557584,5.416242
final_school_coat_cubby_022__F10,final_school_coat_cubby_022,school_coat_cubby,F10,0.99997507,10.599543
final_school_coat_cubby_022__F11,final_school_coat_cubby_022,school_coat_cubby,F11,0.99991049,9.321071
final_school_coat_cubby_023__F00,final_school_coat_cubby_023,school_coat_cubby,F00,0.41741114,-0.333410
final_school_coat_cubby_023__F01,final_school_coat_cubby_023,school_coat_cubby,F01,0.97648105,3.726149
final_school_coat_cubby_023__F10,final_school_coat_cubby_023,school_coat_cubby,F10,0.99924311,7.185541
final_school_coat_cubby_023__F11,final_school_coat_cubby_023,school_coat_cubby,F11,0.99808983,6.258654
final_school_coat_cubby_024__F00,final_school_coat_cubby_024,school_coat_cubby,F00,0.51096063,0.043850
final_school_coat_cubby_024__F01,final_school_coat_cubby_024,school_coat_cubby,F01,0.99226983,4.854864
final_school_coat_cubby_024__F10,final_school_coat_cubby_024,school_coat_cubby,F10,0.99970868,8.140809
final_school_coat_cubby_024__F11,final_school_coat_cubby_024,school_coat_cubby,F11,0.99953246,7.667555
final_school_coat_cubby_025__F00,final_school_coat_cubby_025,school_coat_cubby,F00,0.51980193,0.079249
final_school_coat_cubby_025__F01,final_school_coat_cubby_025,school_coat_cubby,F01,0.98799433,4.410298
final_school_coat_cubby_025__F10,final_school_coat_cubby_025,school_coat_cubby,F10,0.99899583,6.902587
final_school_coat_cubby_025__F11,final_school_coat_cubby_025,school_coat_cubby,F11,0.99909028,7.001463
final_school_coat_cubby_026__F00,final_school_coat_cubby_026,school_coat_cubby,F00,0.72366037,0.962692
final_school_coat_cubby_026__F01,final_school_coat_cubby_026,school_coat_cubby,F01,0.99216729,4.841583
final_school_coat_cubby_026__F10,final_school_coat_cubby_026,school_coat_cubby,F10,0.99989961,9.206376
final_school_coat_cubby_026__F11,final_school_coat_cubby_026,school_coat_cubby,F11,0.99975583,8.317410
final_school_coat_cubby_027__F00,final_school_coat_cubby_027,school_coat_cubby,F00,0.38471016,-0.469603
final_school_coat_cubby_027__F01,final_school_coat_cubby_027,school_coat_cubby,F01,0.93462229,2.659961
final_school_coat_cubby_027__F10,final_school_coat_cubby_027,school_coat_cubby,F10,0.99578888,5.465807
final_school_coat_cubby_027__F11,final_school_coat_cubby_027,school_coat_cubby,F11,0.99263067,4.903032
final_school_coat_cubby_028__F00,final_school_coat_cubby_028,school_coat_cubby,F00,0.45377444,-0.185432
final_school_coat_cubby_028__F01,final_school_coat_cubby_028,school_coat_cubby,F01,0.99168599,4.781464
final_school_coat_cubby_028__F10,final_school_coat_cubby_028,school_coat_cubby,F10,0.99984260,8.756543
final_school_coat_cubby_028__F11,final_school_coat_cubby_028,school_coat_cubby,F11,0.99971842,8.174802
final_school_coat_cubby_029__F00,final_school_coat_cubby_029,school_coat_cubby,F00,0.28867937,-0.901807
final_school_coat_cubby_029__F01,final_school_coat_cubby_029,school_coat_cubby,F01,0.95574492,3.072521
final_school_coat_cubby_029__F10,final_school_coat_cubby_029,school_coat_cubby,F10,0.99474469,5.243247
final_school_coat_cubby_029__F11,final_school_coat_cubby_029,school_coat_cubby,F11,0.99239839,4.871764
final_school_coat_cubby_030__F00,final_school_coat_cubby_030,school_coat_cubby,F00,0.41389220,-0.347898
final_school_coat_cubby_030__F01,final_school_coat_cubby_030,school_coat_cubby,F01,0.97944081,3.863674
final_school_coat_cubby_030__F10,final_school_coat_cubby_030,school_coat_cubby,F10,0.99958324,7.782581
final_school_coat_cubby_030__F11,final_school_coat_cubby_030,school_coat_cubby,F11,0.99916730,7.090003
final_school_coat_cubby_031__F00,final_school_coat_cubby_031,school_coat_cubby,F00,0.22415219,-1.241631
final_school_coat_cubby_031__F01,final_school_coat_cubby_031,school_coat_cubby,F01,0.96478889,3.310548
final_school_coat_cubby_031__F10,final_school_coat_cubby_031,school_coat_cubby,F10,0.99855983,6.541552
final_school_coat_cubby_031__F11,final_school_coat_cubby_031,school_coat_cubby,F11,0.99821835,6.328430
final_school_coat_cubby_032__F00,final_school_coat_cubby_032,school_coat_cubby,F00,0.38735207,-0.458456
final_school_coat_cubby_032__F01,final_school_coat_cubby_032,school_coat_cubby,F01,0.98986706,4.581779
final_school_coat_cubby_032__F10,final_school_coat_cubby_032,school_coat_cubby,F10,0.99944540,7.496700
final_school_coat_cubby_032__F11,final_school_coat_cubby_032,school_coat_cubby,F11,0.99925556,7.202135
final_school_coat_cubby_033__F00,final_school_coat_cubby_033,school_coat_cubby,F00,0.61137831,0.453110
final_school_coat_cubby_033__F01,final_school_coat_cubby_033,school_coat_cubby,F01,0.98946589,4.542547
final_school_coat_cubby_033__F10,final_school_coat_cubby_033,school_coat_cubby,F10,0.99982153,8.630905
final_school_coat_cubby_033__F11,final_school_coat_cubby_033,school_coat_cubby,F11,0.99946930,7.540776
final_school_coat_cubby_034__F00,final_school_coat_cubby_034,school_coat_cubby,F00,0.64289753,0.587963
final_school_coat_cubby_034__F01,final_school_coat_cubby_034,school_coat_cubby,F01,0.99705570,5.824936
final_school_coat_cubby_034__F10,final_school_coat_cubby_034,school_coat_cubby,F10,0.99992241,9.463959
final_school_coat_cubby_034__F11,final_school_coat_cubby_034,school_coat_cubby,F11,0.99985038,8.807259
final_school_coat_cubby_035__F00,final_school_coat_cubby_035,school_coat_cubby,F00,0.64975543,0.617964
final_school_coat_cubby_035__F01,final_school_coat_cubby_035,school_coat_cubby,F01,0.98935587,4.532045
final_school_coat_cubby_035__F10,final_school_coat_cubby_035,school_coat_cubby,F10,0.99964918,7.954887
final_school_coat_cubby_035__F11,final_school_coat_cubby_035,school_coat_cubby,F11,0.99918227,7.108156
final_school_coat_cubby_036__F00,final_school_coat_cubby_036,school_coat_cubby,F00,0.28457207,-0.921894
final_school_coat_cubby_036__F01,final_school_coat_cubby_036,school_coat_cubby,F01,0.99436758,5.173567
final_school_coat_cubby_036__F10,final_school_coat_cubby_036,school_coat_cubby,F10,0.99983295,8.697054
final_school_coat_cubby_036__F11,final_school_coat_cubby_036,school_coat_cubby,F11,0.99981558,8.598118
final_school_coat_cubby_037__F00,final_school_coat_cubby_037,school_coat_cubby,F00,0.51980193,0.079249
final_school_coat_cubby_037__F01,final_school_coat_cubby_037,school_coat_cubby,F01,0.96101921,3.204926
final_school_coat_cubby_037__F10,final_school_coat_cubby_037,school_coat_cubby,F10,0.99862185,6.585633
final_school_coat_cubby_037__F11,final_school_coat_cubby_037,school_coat_cubby,F11,0.99819663,6.316293
final_school_coat_cubby_038__F00,final_school_coat_cubby_038,school_coat_cubby,F00,0.72366037,0.962692
final_school_coat_cubby_038__F01,final_school_coat_cubby_038,school_coat_cubby,F01,0.99534486,5.365118
final_school_coat_cubby_038__F10,final_school_coat_cubby_038,school_coat_cubby,F10,0.99978543,8.446638
final_school_coat_cubby_038__F11,final_school_coat_cubby_038,school_coat_cubby,F11,0.99978757,8.456676
final_school_coat_cubby_039__F00,final_school_coat_cubby_039,school_coat_cubby,F00,0.29872598,-0.853372
final_school_coat_cubby_039__F01,final_school_coat_cubby_039,school_coat_cubby,F01,0.93607164,2.683929
final_school_coat_cubby_039__F10,final_school_coat_cubby_039,school_coat_cubby,F10,0.99589459,5.491337
final_school_coat_cubby_039__F11,final_school_coat_cubby_039,school_coat_cubby,F11,0.99058606,4.656106
final_school_coat_cubby_040__F00,final_school_coat_cubby_040,school_coat_cubby,F00,0.48667878,-0.053297
final_school_coat_cubby_040__F01,final_school_coat_cubby_040,school_coat_cubby,F01,0.98458837,4.157101
final_school_coat_cubby_040__F10,final_school_coat_cubby_040,school_coat_cubby,F10,0.99931292,7.282374
final_school_coat_cubby_040__F11,final_school_coat_cubby_040,school_coat_cubby,F11,0.99935306,7.342608
final_school_coat_cubby_041__F00,final_school_coat_cubby_041,school_coat_cubby,F00,0.41442463,-0.345704
final_school_coat_cubby_041__F01,final_school_coat_cubby_041,school_coat_cubby,F01,0.98225772,4.013903
final_school_coat_cubby_041__F10,final_school_coat_cubby_041,school_coat_cubby,F10,0.99918889,7.116301
final_school_coat_cubby_041__F11,final_school_coat_cubby_041,school_coat_cubby,F11,0.99920999,7.142672
final_school_coat_cubby_042__F00,final_school_coat_cubby_042,school_coat_cubby,F00,0.20068513,-1.382018
final_school_coat_cubby_042__F01,final_school_coat_cubby_042,school_coat_cubby,F01,0.98214855,4.007658
final_school_coat_cubby_042__F10,final_school_coat_cubby_042,school_coat_cubby,F10,0.99934184,7.325408
final_school_coat_cubby_042__F11,final_school_coat_cubby_042,school_coat_cubby,F11,0.99920853,7.140828
final_school_coat_cubby_043__F00,final_school_coat_cubby_043,school_coat_cubby,F00,0.27589869,-0.964898
final_school_coat_cubby_043__F01,final_school_coat_cubby_043,school_coat_cubby,F01,0.94696834,2.882377
final_school_coat_cubby_043__F10,final_school_coat_cubby_043,school_coat_cubby,F10,0.99887722,6.790828
final_school_coat_cubby_043__F11,final_school_coat_cubby_043,school_coat_cubby,F11,0.99702394,5.814176
final_school_coat_cubby_044__F00,final_school_coat_cubby_044,school_coat_cubby,F00,0.48245120,-0.070224
final_school_coat_cubby_044__F01,final_school_coat_cubby_044,school_coat_cubby,F01,0.97810114,3.799179
final_school_coat_cubby_044__F10,final_school_coat_cubby_044,school_coat_cubby,F10,0.99900479,6.911563
final_school_coat_cubby_044__F11,final_school_coat_cubby_044,school_coat_cubby,F11,0.99763827,6.045998
final_school_coat_cubby_045__F00,final_school_coat_cubby_045,school_coat_cubby,F00,0.69849516,0.840142
final_school_coat_cubby_045__F01,final_school_coat_cubby_045,school_coat_cubby,F01,0.99288860,4.938920
final_school_coat_cubby_045__F10,final_school_coat_cubby_045,school_coat_cubby,F10,0.99971577,8.165426
final_school_coat_cubby_045__F11,final_school_coat_cubby_045,school_coat_cubby,F11,0.99951124,7.623146
final_school_coat_cubby_046__F00,final_school_coat_cubby_046,school_coat_cubby,F00,0.63214937,0.541449
final_school_coat_cubby_046__F01,final_school_coat_cubby_046,school_coat_cubby,F01,0.99784631,6.138415
final_school_coat_cubby_046__F10,final_school_coat_cubby_046,school_coat_cubby,F10,0.99996314,10.208398
final_school_coat_cubby_046__F11,final_school_coat_cubby_046,school_coat_cubby,F11,0.99994581,9.822973
final_school_coat_cubby_047__F00,final_school_coat_cubby_047,school_coat_cubby,F00,0.39725957,-0.416897
final_school_coat_cubby_047__F01,final_school_coat_cubby_047,school_coat_cubby,F01,0.95766323,3.118840
final_school_coat_cubby_047__F10,final_school_coat_cubby_047,school_coat_cubby,F10,0.99455813,5.208176
final_school_coat_cubby_047__F11,final_school_coat_cubby_047,school_coat_cubby,F11,0.99112909,4.716067
final_school_coat_cubby_048__F00,final_school_coat_cubby_048,school_coat_cubby,F00,0.46126910,-0.155235
final_school_coat_cubby_048__F01,final_school_coat_cubby_048,school_coat_cubby,F01,0.98501700,4.185742
final_school_coat_cubby_048__F10,final_school_coat_cubby_048,school_coat_cubby,F10,0.99957241,7.756910
final_school_coat_cubby_048__F11,final_school_coat_cubby_048,school_coat_cubby,F11,0.99919124,7.119193
final_school_coat_cubby_049__F00,final_school_coat_cubby_049,school_coat_cubby,F00,0.51980193,0.079249
final_school_coat_cubby_049__F01,final_school_coat_cubby_049,school_coat_cubby,F01,0.98663272,4.301488
final_school_coat_cubby_049__F10,final_school_coat_cubby_049,school_coat_cubby,F10,0.99925941,7.207324
final_school_coat_cubby_049__F11,final_school_coat_cubby_049,school_coat_cubby,F11,0.99880613,6.729361
final_school_coat_cubby_050__F00,final_school_coat_cubby_050,school_coat_cubby,F00,0.43355882,-0.267346
final_school_coat_cubby_050__F01,final_school_coat_cubby_050,school_coat_cubby,F01,0.99140301,4.747709
final_school_coat_cubby_050__F10,final_school_coat_cubby_050,school_coat_cubby,F10,0.99956832,7.747400
final_school_coat_cubby_050__F11,final_school_coat_cubby_050,school_coat_cubby,F11,0.99899299,6.899765
final_school_coat_cubby_051__F00,final_school_coat_cubby_051,school_coat_cubby,F00,0.43507432,-0.261177
final_school_coat_cubby_051__F01,final_school_coat_cubby_051,school_coat_cubby,F01,0.98726561,4.350633
final_school_coat_cubby_051__F10,final_school_coat_cubby_051,school_coat_cubby,F10,0.99952988,7.662044
final_school_coat_cubby_051__F11,final_school_coat_cubby_051,school_coat_cubby,F11,0.99927192,7.224372
final_school_coat_cubby_052__F00,final_school_coat_cubby_052,school_coat_cubby,F00,0.48667878,-0.053297
final_school_coat_cubby_052__F01,final_school_coat_cubby_052,school_coat_cubby,F01,0.97911532,3.847633
final_school_coat_cubby_052__F10,final_school_coat_cubby_052,school_coat_cubby,F10,0.99926689,7.217479
final_school_coat_cubby_052__F11,final_school_coat_cubby_052,school_coat_cubby,F11,0.99939864,7.415718
final_school_coat_cubby_053__F00,final_school_coat_cubby_053,school_coat_cubby,F00,0.28867937,-0.901807
final_school_coat_cubby_053__F01,final_school_coat_cubby_053,school_coat_cubby,F01,0.95487045,3.052038
final_school_coat_cubby_053__F10,final_school_coat_cubby_053,school_coat_cubby,F10,0.99885201,6.768596
final_school_coat_cubby_053__F11,final_school_coat_cubby_053,school_coat_cubby,F11,0.99810045,6.264236
final_school_coat_cubby_054__F00,final_school_coat_cubby_054,school_coat_cubby,F00,0.66812227,0.699705
final_school_coat_cubby_054__F01,final_school_coat_cubby_054,school_coat_cubby,F01,0.99150862,4.760176
final_school_coat_cubby_054__F10,final_school_coat_cubby_054,school_coat_cubby,F10,0.99969622,8.098911
final_school_coat_cubby_054__F11,final_school_coat_cubby_054,school_coat_cubby,F11,0.99966597,8.003954
final_school_coat_cubby_055__F00,final_school_coat_cubby_055,school_coat_cubby,F00,0.22415219,-1.241631
final_school_coat_cubby_055__F01,final_school_coat_cubby_055,school_coat_cubby,F01,0.96219305,3.236722
final_school_coat_cubby_055__F10,final_school_coat_cubby_055,school_coat_cubby,F10,0.99855340,6.537088
final_school_coat_cubby_055__F11,final_school_coat_cubby_055,school_coat_cubby,F11,0.99870460,6.647641
final_school_coat_cubby_056__F00,final_school_coat_cubby_056,school_coat_cubby,F00,0.25268354,-1.084351
final_school_coat_cubby_056__F01,final_school_coat_cubby_056,school_coat_cubby,F01,0.97454956,3.645242
final_school_coat_cubby_056__F10,final_school_coat_cubby_056,school_coat_cubby,F10,0.99838368,6.425986
final_school_coat_cubby_056__F11,final_school_coat_cubby_056,school_coat_cubby,F11,0.99855730,6.539792
final_school_coat_cubby_057__F00,final_school_coat_cubby_057,school_coat_cubby,F00,0.59868394,0.399985
final_school_coat_cubby_057__F01,final_school_coat_cubby_057,school_coat_cubby,F01,0.98451446,4.152242
final_school_coat_cubby_057__F10,final_school_coat_cubby_057,school_coat_cubby,F10,0.99949961,7.599629
final_school_coat_cubby_057__F11,final_school_coat_cubby_057,school_coat_cubby,F11,0.99954315,7.690705
final_school_coat_cubby_058__F00,final_school_coat_cubby_058,school_coat_cubby,F00,0.63214937,0.541449
final_school_coat_cubby_058__F01,final_school_coat_cubby_058,school_coat_cubby,F01,0.99089953,4.690287
final_school_coat_cubby_058__F10,final_school_coat_cubby_058,school_coat_cubby,F10,0.99946866,7.539583
final_school_coat_cubby_058__F11,final_school_coat_cubby_058,school_coat_cubby,F11,0.99948310,7.567152
final_school_coat_cubby_059__F00,final_school_coat_cubby_059,school_coat_cubby,F00,0.64975543,0.617964
final_school_coat_cubby_059__F01,final_school_coat_cubby_059,school_coat_cubby,F01,0.94080043,2.765817
final_school_coat_cubby_059__F10,final_school_coat_cubby_059,school_coat_cubby,F10,0.99558118,5.417454
final_school_coat_cubby_059__F11,final_school_coat_cubby_059,school_coat_cubby,F11,0.99522287,5.339126
final_school_coat_cubby_060__F00,final_school_coat_cubby_060,school_coat_cubby,F00,0.60066252,0.408226
final_school_coat_cubby_060__F01,final_school_coat_cubby_060,school_coat_cubby,F01,0.98600753,4.255145
final_school_coat_cubby_060__F10,final_school_coat_cubby_060,school_coat_cubby,F10,0.99951377,7.628350
final_school_coat_cubby_060__F11,final_school_coat_cubby_060,school_coat_cubby,F11,0.99938441,7.392318
final_school_coat_cubby_061__F00,final_school_coat_cubby_061,school_coat_cubby,F00,0.42444875,-0.304537
final_school_coat_cubby_061__F01,final_school_coat_cubby_061,school_coat_cubby,F01,0.95056572,2.956413
final_school_coat_cubby_061__F10,final_school_coat_cubby_061,school_coat_cubby,F10,0.99945279,7.510133
final_school_coat_cubby_061__F11,final_school_coat_cubby_061,school_coat_cubby,F11,0.99752858,6.000487
final_school_coat_cubby_062__F00,final_school_coat_cubby_062,school_coat_cubby,F00,0.61793006,0.480772
final_school_coat_cubby_062__F01,final_school_coat_cubby_062,school_coat_cubby,F01,0.99134480,4.740902
final_school_coat_cubby_062__F10,final_school_coat_cubby_062,school_coat_cubby,F10,0.99941320,7.440246
final_school_coat_cubby_062__F11,final_school_coat_cubby_062,school_coat_cubby,F11,0.99905251,6.960747
final_school_coat_cubby_063__F00,final_school_coat_cubby_063,school_coat_cubby,F00,0.38471016,-0.469603
final_school_coat_cubby_063__F01,final_school_coat_cubby_063,school_coat_cubby,F01,0.95960025,3.167693
final_school_coat_cubby_063__F10,final_school_coat_cubby_063,school_coat_cubby,F10,0.99857070,6.549143
final_school_coat_cubby_063__F11,final_school_coat_cubby_063,school_coat_cubby,F11,0.99699278,5.803729
final_school_coat_cubby_064__F00,final_school_coat_cubby_064,school_coat_cubby,F00,0.28949843,-0.897821
final_school_coat_cubby_064__F01,final_school_coat_cubby_064,school_coat_cubby,F01,0.97195393,3.545460
final_school_coat_cubby_064__F10,final_school_coat_cubby_064,school_coat_cubby,F10,0.99828972,6.369385
final_school_coat_cubby_064__F11,final_school_coat_cubby_064,school_coat_cubby,F11,0.99850349,6.503120
final_school_coat_cubby_065__F00,final_school_coat_cubby_065,school_coat_cubby,F00,0.58344041,0.336913
final_school_coat_cubby_065__F01,final_school_coat_cubby_065,school_coat_cubby,F01,0.98592084,4.248880
final_school_coat_cubby_065__F10,final_school_coat_cubby_065,school_coat_cubby,F10,0.99903887,6.946434
final_school_coat_cubby_065__F11,final_school_coat_cubby_065,school_coat_cubby,F11,0.99903841,6.945955
final_school_coat_cubby_066__F00,final_school_coat_cubby_066,school_coat_cubby,F00,0.37321234,-0.518460
final_school_coat_cubby_066__F01,final_school_coat_cubby_066,school_coat_cubby,F01,0.96084653,3.200326
final_school_coat_cubby_066__F10,final_school_coat_cubby_066,school_coat_cubby,F10,0.99728901,5.907727
final_school_coat_cubby_066__F11,final_school_coat_cubby_066,school_coat_cubby,F11,0.99599604,5.516460
final_school_coat_cubby_067__F00,final_school_coat_cubby_067,school_coat_cubby,F00,0.25903952,-1.050967
final_school_coat_cubby_067__F01,final_school_coat_cubby_067,school_coat_cubby,F01,0.95575590,3.072781
final_school_coat_cubby_067__F10,final_school_coat_cubby_067,school_coat_cubby,F10,0.99755371,6.010733
final_school_coat_cubby_067__F11,final_school_coat_cubby_067,school_coat_cubby,F11,0.99712162,5.847647
final_school_coat_cubby_068__F00,final_school_coat_cubby_068,school_coat_cubby,F00,0.38691191,-0.460312
final_school_coat_cubby_068__F01,final_school_coat_cubby_068,school_coat_cubby,F01,0.98427272,4.136506
final_school_coat_cubby_068__F10,final_school_coat_cubby_068,school_coat_cubby,F10,0.99958093,7.777045
final_school_coat_cubby_068__F11,final_school_coat_cubby_068,school_coat_cubby,F11,0.99896353,6.870899
final_school_coat_cubby_069__F00,final_school_coat_cubby_069,school_coat_cubby,F00,0.69849516,0.840142
final_school_coat_cubby_069__F01,final_school_coat_cubby_069,school_coat_cubby,F01,0.99180550,4.796064
final_school_coat_cubby_069__F10,final_school_coat_cubby_069,school_coat_cubby,F10,0.99985292,8.824359
final_school_coat_cubby_069__F11,final_school_coat_cubby_069,school_coat_cubby,F11,0.99970413,8.125301
final_school_coat_cubby_070__F00,final_school_coat_cubby_070,school_coat_cubby,F00,0.63214937,0.541449
final_school_coat_cubby_070__F01,final_school_coat_cubby_070,school_coat_cubby,F01,0.99656160,5.669306
final_school_coat_cubby_070__F10,final_school_coat_cubby_070,school_coat_cubby,F10,0.99992149,9.452174
final_school_coat_cubby_070__F11,final_school_coat_cubby_070,school_coat_cubby,F11,0.99989007,9.115526
final_school_coat_cubby_071__F00,final_school_coat_cubby_071,school_coat_cubby,F00,0.37154862,-0.525579
final_school_coat_cubby_071__F01,final_school_coat_cubby_071,school_coat_cubby,F01,0.95062467,2.957668
final_school_coat_cubby_071__F10,final_school_coat_cubby_071,school_coat_cubby,F10,0.99837735,6.422070
final_school_coat_cubby_071__F11,final_school_coat_cubby_071,school_coat_cubby,F11,0.99381495,5.079417
final_school_coat_cubby_072__F00,final_school_coat_cubby_072,school_coat_cubby,F00,0.71507770,0.920175
final_school_coat_cubby_072__F01,final_school_coat_cubby_072,school_coat_cubby,F01,0.99581522,5.472107
final_school_coat_cubby_072__F10,final_school_coat_cubby_072,school_coat_cubby,F10,0.99986186,8.887113
final_school_coat_cubby_072__F11,final_school_coat_cubby_072,school_coat_cubby,F11,0.99980266,8.530368
final_school_coat_cubby_073__F00,final_school_coat_cubby_073,school_coat_cubby,F00,0.51980193,0.079249
final_school_coat_cubby_073__F01,final_school_coat_cubby_073,school_coat_cubby,F01,0.98136555,3.963933
final_school_coat_cubby_073__F10,final_school_coat_cubby_073,school_coat_cubby,F10,0.99923452,7.174237
final_school_coat_cubby_073__F11,final_school_coat_cubby_073,school_coat_cubby,F11,0.99865340,6.608825
final_school_coat_cubby_074__F00,final_school_coat_cubby_074,school_coat_cubby,F00,0.63570731,0.556781
final_school_coat_cubby_074__F01,final_school_coat_cubby_074,school_coat_cubby,F01,0.98808894,4.418305
final_school_coat_cubby_074__F10,final_school_coat_cubby_074,school_coat_cubby,F10,0.99966647,8.005458
final_school_coat_cubby_074__F11,final_school_coat_cubby_074,school_coat_cubby,F11,0.99963578,7.917402
final_school_coat_cubby_075__F00,final_school_coat_cubby_075,school_coat_cubby,F00,0.32957011,-0.710130
final_school_coat_cubby_075__F01,final_school_coat_cubby_075,school_coat_cubby,F01,0.97069623,3.500297
final_school_coat_cubby_075__F10,final_school_coat_cubby_075,school_coat_cubby,F10,0.99940264,7.422396
final_school_coat_cubby_075__F11,final_school_coat_cubby_075,school_coat_cubby,F11,0.99784271,6.136745
final_school_coat_cubby_076__F00,final_school_coat_cubby_076,school_coat_cubby,F00,0.29435647,-0.874319
final_school_coat_cubby_076__F01,final_school_coat_cubby_076,school_coat_cubby,F01,0.98240098,4.022156
final_school_coat_cubby_076__F10,final_school_coat_cubby_076,school_coat_cubby,F10,0.99961706,7.867253
final_school_coat_cubby_076__F11,final_school_coat_cubby_076,school_coat_cubby,F11,0.99962858,7.897805
final_school_coat_cubby_077__F00,final_school_coat_cubby_077,school_coat_cubby,F00,0.41442463,-0.345704
final_school_coat_cubby_077__F01,final_school_coat_cubby_077,school_coat_cubby,F01,0.97615566,3.712075
final_school_coat_cubby_077__F10,final_school_coat_cubby_077,school_coat_cubby,F10,0.99967693,8.037307
final_school_coat_cubby_077__F11,final_school_coat_cubby_077,school_coat_cubby,F11,0.99838539,6.427044
final_school_coat_cubby_078__F00,final_school_coat_cubby_078,school_coat_cubby,F00,0.20068513,-1.382018
final_school_coat_cubby_078__F01,final_school_coat_cubby_078,school_coat_cubby,F01,0.96339791,3.270361
final_school_coat_cubby_078__F10,final_school_coat_cubby_078,school_coat_cubby,F10,0.99924861,7.192835
final_school_coat_cubby_078__F11,final_school_coat_cubby_078,school_coat_cubby,F11,0.99899263,6.899409
final_school_coat_cubby_079__F00,final_school_coat_cubby_079,school_coat_cubby,F00,0.30437444,-0.826553
final_school_coat_cubby_079__F01,final_school_coat_cubby_079,school_coat_cubby,F01,0.96340784,3.270643
final_school_coat_cubby_079__F10,final_school_coat_cubby_079,school_coat_cubby,F10,0.99927447,7.227877
final_school_coat_cubby_079__F11,final_school_coat_cubby_079,school_coat_cubby,F11,0.99837803,6.422491
final_school_coat_cubby_080__F00,final_school_coat_cubby_080,school_coat_cubby,F00,0.34321004,-0.649022
final_school_coat_cubby_080__F01,final_school_coat_cubby_080,school_coat_cubby,F01,0.96861461,3.429524
final_school_coat_cubby_080__F10,final_school_coat_cubby_080,school_coat_cubby,F10,0.99877485,6.703467
final_school_coat_cubby_080__F11,final_school_coat_cubby_080,school_coat_cubby,F11,0.99828025,6.363858
final_school_coat_cubby_081__F00,final_school_coat_cubby_081,school_coat_cubby,F00,0.75153484,1.106815
final_school_coat_cubby_081__F01,final_school_coat_cubby_081,school_coat_cubby,F01,0.99329198,4.997721
final_school_coat_cubby_081__F10,final_school_coat_cubby_081,school_coat_cubby,F10,0.99963894,7.926099
final_school_coat_cubby_081__F11,final_school_coat_cubby_081,school_coat_cubby,F11,0.99957719,7.768177
final_school_coat_cubby_082__F00,final_school_coat_cubby_082,school_coat_cubby,F00,0.71399273,0.914856
final_school_coat_cubby_082__F01,final_school_coat_cubby_082,school_coat_cubby,F01,0.99413088,5.132165
final_school_coat_cubby_082__F10,final_school_coat_cubby_082,school_coat_cubby,F10,0.99978023,8.422699
final_school_coat_cubby_082__F11,final_school_coat_cubby_082,school_coat_cubby,F11,0.99959682,7.815725
final_school_coat_cubby_083__F00,final_school_coat_cubby_083,school_coat_cubby,F00,0.26603206,-1.014849
final_school_coat_cubby_083__F01,final_school_coat_cubby_083,school_coat_cubby,F01,0.97970951,3.877104
final_school_coat_cubby_083__F10,final_school_coat_cubby_083,school_coat_cubby,F10,0.99924055,7.182160
final_school_coat_cubby_083__F11,final_school_coat_cubby_083,school_coat_cubby,F11,0.99919644,7.125656
final_school_coat_cubby_084__F00,final_school_coat_cubby_084,school_coat_cubby,F00,0.51096063,0.043850
final_school_coat_cubby_084__F01,final_school_coat_cubby_084,school_coat_cubby,F01,0.98967883,4.563183
final_school_coat_cubby_084__F10,final_school_coat_cubby_084,school_coat_cubby,F10,0.99931268,7.282018
final_school_coat_cubby_084__F11,final_school_coat_cubby_084,school_coat_cubby,F11,0.99958392,7.784212
final_school_coat_cubby_085__F00,final_school_coat_cubby_085,school_coat_cubby,F00,0.36799218,-0.540840
final_school_coat_cubby_085__F01,final_school_coat_cubby_085,school_coat_cubby,F01,0.97307395,3.587366
final_school_coat_cubby_085__F10,final_school_coat_cubby_085,school_coat_cubby,F10,0.99919287,7.121213
final_school_coat_cubby_085__F11,final_school_coat_cubby_085,school_coat_cubby,F11,0.99867083,6.621870
final_school_coat_cubby_086__F00,final_school_coat_cubby_086,school_coat_cubby,F00,0.72366037,0.962692
final_school_coat_cubby_086__F01,final_school_coat_cubby_086,school_coat_cubby,F01,0.99270374,4.913070
final_school_coat_cubby_086__F10,final_school_coat_cubby_086,school_coat_cubby,F10,0.99986135,8.883430
final_school_coat_cubby_086__F11,final_school_coat_cubby_086,school_coat_cubby,F11,0.99984401,8.765593
final_school_coat_cubby_087__F00,final_school_coat_cubby_087,school_coat_cubby,F00,0.31638432,-0.770438
final_school_coat_cubby_087__F01,final_school_coat_cubby_087,school_coat_cubby,F01,0.96845930,3.424428
final_school_coat_cubby_087__F10,final_school_coat_cubby_087,school_coat_cubby,F10,0.99936353,7.358931
final_school_coat_cubby_087__F11,final_school_coat_cubby_087,school_coat_cubby,F11,0.99615268,5.556522
final_school_coat_cubby_088__F00,final_school_coat_cubby_088,school_coat_cubby,F00,0.45126046,-0.195579
final_school_coat_cubby_088__F01,final_school_coat_cubby_088,school_coat_cubby,F01,0.98282819,4.047165
final_school_coat_cubby_088__F10,final_school_coat_cubby_088,school_coat_cubby,F10,0.99947289,7.547578
final_school_coat_cubby_088__F11,final_school_coat_cubby_088,school_coat_cubby,F11,0.99919127,7.119239
final_school_coat_cubby_089__F00,final_school_coat_cubby_089,school_coat_cubby,F00,0.48972903,-0.041090
final_school_coat_cubby_089__F01,final_school_coat_cubby_089,school_coat_cubby,F01,0.98168421,3.981506
final_school_coat_cubby_089__F10,final_school_coat_cubby_089,school_coat_cubby,F10,0.99899470,6.901461
final_school_coat_cubby_089__F11,final_school_coat_cubby_089,school_coat_cubby,F11,0.99911984,7.034522
final_school_coat_cubby_090__F00,final_school_coat_cubby_090,school_coat_cubby,F00,0.20068513,-1.382018
final_school_coat_cubby_090__F01,final_school_coat_cubby_090,school_coat_cubby,F01,0.97300217,3.584630
final_school_coat_cubby_090__F10,final_school_coat_cubby_090,school_coat_cubby,F10,0.99908947,7.000576
final_school_coat_cubby_090__F11,final_school_coat_cubby_090,school_coat_cubby,F11,0.99916800,7.090845
final_school_coat_cubby_091__F00,final_school_coat_cubby_091,school_coat_cubby,F00,0.36737224,-0.543507
final_school_coat_cubby_091__F01,final_school_coat_cubby_091,school_coat_cubby,F01,0.97103509,3.512278
final_school_coat_cubby_091__F10,final_school_coat_cubby_091,school_coat_cubby,F10,0.99957600,7.765363
final_school_coat_cubby_091__F11,final_school_coat_cubby_091,school_coat_cubby,F11,0.99767257,6.060660
final_school_coat_cubby_092__F00,final_school_coat_cubby_092,school_coat_cubby,F00,0.40563843,-0.382026
final_school_coat_cubby_092__F01,final_school_coat_cubby_092,school_coat_cubby,F01,0.97508853,3.667200
final_school_coat_cubby_092__F10,final_school_coat_cubby_092,school_coat_cubby,F10,0.99877913,6.706966
final_school_coat_cubby_092__F11,final_school_coat_cubby_092,school_coat_cubby,F11,0.99731304,5.916655
final_school_coat_cubby_093__F00,final_school_coat_cubby_093,school_coat_cubby,F00,0.83249468,1.603412
final_school_coat_cubby_093__F01,final_school_coat_cubby_093,school_coat_cubby,F01,0.99130264,4.736001
final_school_coat_cubby_093__F10,final_school_coat_cubby_093,school_coat_cubby,F10,0.99963554,7.916726
final_school_coat_cubby_093__F11,final_school_coat_cubby_093,school_coat_cubby,F11,0.99948883,7.578300
final_school_coat_cubby_094__F00,final_school_coat_cubby_094,school_coat_cubby,F00,0.45500902,-0.180452
final_school_coat_cubby_094__F01,final_school_coat_cubby_094,school_coat_cubby,F01,0.99045118,4.641743
final_school_coat_cubby_094__F10,final_school_coat_cubby_094,school_coat_cubby,F10,0.99972152,8.185886
final_school_coat_cubby_094__F11,final_school_coat_cubby_094,school_coat_cubby,F11,0.99970525,8.129073
final_school_coat_cubby_095__F00,final_school_coat_cubby_095,school_coat_cubby,F00,0.33377806,-0.691147
final_school_coat_cubby_095__F01,final_school_coat_cubby_095,school_coat_cubby,F01,0.98232816,4.017953
final_school_coat_cubby_095__F10,final_school_coat_cubby_095,school_coat_cubby,F10,0.99844476,6.464566
final_school_coat_cubby_095__F11,final_school_coat_cubby_095,school_coat_cubby,F11,0.99779144,6.113204
final_school_coat_cubby_096__F00,final_school_coat_cubby_096,school_coat_cubby,F00,0.60066252,0.408226
final_school_coat_cubby_096__F01,final_school_coat_cubby_096,school_coat_cubby,F01,0.99188005,4.805279
final_school_coat_cubby_096__F10,final_school_coat_cubby_096,school_coat_cubby,F10,0.99955490,7.716761
final_school_coat_cubby_096__F11,final_school_coat_cubby_096,school_coat_cubby,F11,0.99936094,7.354873
final_school_coat_cubby_097__F00,final_school_coat_cubby_097,school_coat_cubby,F00,0.26661389,-1.011871
final_school_coat_cubby_097__F01,final_school_coat_cubby_097,school_coat_cubby,F01,0.95746026,3.113846
final_school_coat_cubby_097__F10,final_school_coat_cubby_097,school_coat_cubby,F10,0.99848595,6.491450
final_school_coat_cubby_097__F11,final_school_coat_cubby_097,school_coat_cubby,F11,0.99791109,6.169023
final_school_coat_cubby_098__F00,final_school_coat_cubby_098,school_coat_cubby,F00,0.72366037,0.962692
final_school_coat_cubby_098__F01,final_school_coat_cubby_098,school_coat_cubby,F01,0.98599646,4.254342
final_school_coat_cubby_098__F10,final_school_coat_cubby_098,school_coat_cubby,F10,0.99961057,7.850445
final_school_coat_cubby_098__F11,final_school_coat_cubby_098,school_coat_cubby,F11,0.99911405,7.027967
final_school_coat_cubby_099__F00,final_school_coat_cubby_099,school_coat_cubby,F00,0.17996552,-1.516581
final_school_coat_cubby_099__F01,final_school_coat_cubby_099,school_coat_cubby,F01,0.91149790,2.332063
final_school_coat_cubby_099__F10,final_school_coat_cubby_099,school_coat_cubby,F10,0.99698446,5.800958
final_school_coat_cubby_099__F11,final_school_coat_cubby_099,school_coat_cubby,F11,0.99698052,5.799645
final_school_coat_cubby_100__F00,final_school_coat_cubby_100,school_coat_cubby,F00,0.29435647,-0.874319
final_school_coat_cubby_100__F01,final_school_coat_cubby_100,school_coat_cubby,F01,0.97213667,3.552185
final_school_coat_cubby_100__F10,final_school_coat_cubby_100,school_coat_cubby,F10,0.99942581,7.461975
final_school_coat_cubby_100__F11,final_school_coat_cubby_100,school_coat_cubby,F11,0.99932616,7.301847
final_school_coat_cubby_101__F00,final_school_coat_cubby_101,school_coat_cubby,F00,0.28867937,-0.901807
final_school_coat_cubby_101__F01,final_school_coat_cubby_101,school_coat_cubby,F01,0.97309647,3.588226
final_school_coat_cubby_101__F10,final_school_coat_cubby_101,school_coat_cubby,F10,0.99845641,6.472101
final_school_coat_cubby_101__F11,final_school_coat_cubby_101,school_coat_cubby,F11,0.99734958,5.930383
final_school_coat_cubby_102__F00,final_school_coat_cubby_102,school_coat_cubby,F00,0.40249407,-0.395084
final_school_coat_cubby_102__F01,final_school_coat_cubby_102,school_coat_cubby,F01,0.98557796,4.224470
final_school_coat_cubby_102__F10,final_school_coat_cubby_102,school_coat_cubby,F10,0.99941966,7.451320
final_school_coat_cubby_102__F11,final_school_coat_cubby_102,school_coat_cubby,F11,0.99918522,7.111782
final_school_coat_cubby_103__F00,final_school_coat_cubby_103,school_coat_cubby,F00,0.33374016,-0.691317
final_school_coat_cubby_103__F01,final_school_coat_cubby_103,school_coat_cubby,F01,0.94388788,2.822656
final_school_coat_cubby_103__F10,final_school_coat_cubby_103,school_coat_cubby,F10,0.99829321,6.371435
final_school_coat_cubby_103__F11,final_school_coat_cubby_103,school_coat_cubby,F11,0.99769456,6.070176
final_school_coat_cubby_104__F00,final_school_coat_cubby_104,school_coat_cubby,F00,0.29399185,-0.876075
final_school_coat_cubby_104__F01,final_school_coat_cubby_104,school_coat_cubby,F01,0.97228656,3.557733
final_school_coat_cubby_104__F10,final_school_coat_cubby_104,school_coat_cubby,F10,0.99833940,6.398914
final_school_coat_cubby_104__F11,final_school_coat_cubby_104,school_coat_cubby,F11,0.99674287,5.723647
final_school_coat_cubby_105__F00,final_school_coat_cubby_105,school_coat_cubby,F00,0.75153484,1.106815
final_school_coat_cubby_105__F01,final_school_coat_cubby_105,school_coat_cubby,F01,0.98979364,4.574486
final_school_coat_cubby_105__F10,final_school_coat_cubby_105,school_coat_cubby,F10,0.99959081,7.800916
final_school_coat_cubby_105__F11,final_school_coat_cubby_105,school_coat_cubby,F11,0.99904774,6.955717
final_school_coat_cubby_106__F00,final_school_coat_cubby_106,school_coat_cubby,F00,0.55868833,0.235840
final_school_coat_cubby_106__F01,final_school_coat_cubby_106,school_coat_cubby,F01,0.99136930,4.743761
final_school_coat_cubby_106__F10,final_school_coat_cubby_106,school_coat_cubby,F10,0.99951681,7.634614
final_school_coat_cubby_106__F11,final_school_coat_cubby_106,school_coat_cubby,F11,0.99908341,6.993932
final_school_coat_cubby_107__F00,final_school_coat_cubby_107,school_coat_cubby,F00,0.33377806,-0.691147
final_school_coat_cubby_107__F01,final_school_coat_cubby_107,school_coat_cubby,F01,0.97011809,3.480165
final_school_coat_cubby_107__F10,final_school_coat_cubby_107,school_coat_cubby,F10,0.99864821,6.604969
final_school_coat_cubby_107__F11,final_school_coat_cubby_107,school_coat_cubby,F11,0.99711796,5.846372
final_school_coat_cubby_108__F00,final_school_coat_cubby_108,school_coat_cubby,F00,0.59586780,0.388277
final_school_coat_cubby_108__F01,final_school_coat_cubby_108,school_coat_cubby,F01,0.99326427,4.993570
final_school_coat_cubby_108__F10,final_school_coat_cubby_108,school_coat_cubby,F10,0.99958483,7.786403
final_school_coat_cubby_108__F11,final_school_coat_cubby_108,school_coat_cubby,F11,0.99957705,7.767831
final_school_coat_cubby_109__F00,final_school_coat_cubby_109,school_coat_cubby,F00,0.51980193,0.079249
final_school_coat_cubby_109__F01,final_school_coat_cubby_109,school_coat_cubby,F01,0.98608154,4.260523
final_school_coat_cubby_109__F10,final_school_coat_cubby_109,school_coat_cubby,F10,0.99842952,6.454801
final_school_coat_cubby_109__F11,final_school_coat_cubby_109,school_coat_cubby,F11,0.99936687,7.364204
final_school_coat_cubby_110__F00,final_school_coat_cubby_110,school_coat_cubby,F00,0.32788985,-0.717745
final_school_coat_cubby_110__F01,final_school_coat_cubby_110,school_coat_cubby,F01,0.98887257,4.487152
final_school_coat_cubby_110__F10,final_school_coat_cubby_110,school_coat_cubby,F10,0.99967080,8.018511
final_school_coat_cubby_110__F11,final_school_coat_cubby_110,school_coat_cubby,F11,0.99944145,7.489606
final_school_coat_cubby_111__F00,final_school_coat_cubby_111,school_coat_cubby,F00,0.29872598,-0.853372
final_school_coat_cubby_111__F01,final_school_coat_cubby_111,school_coat_cubby,F01,0.97550678,3.684561
final_school_coat_cubby_111__F10,final_school_coat_cubby_111,school_coat_cubby,F10,0.99896341,6.870779
final_school_coat_cubby_111__F11,final_school_coat_cubby_111,school_coat_cubby,F11,0.99835689,6.409518
final_school_coat_cubby_112__F00,final_school_coat_cubby_112,school_coat_cubby,F00,0.45377444,-0.185432
final_school_coat_cubby_112__F01,final_school_coat_cubby_112,school_coat_cubby,F01,0.99009699,4.604964
final_school_coat_cubby_112__F10,final_school_coat_cubby_112,school_coat_cubby,F10,0.99985596,8.845256
final_school_coat_cubby_112__F11,final_school_coat_cubby_112,school_coat_cubby,F11,0.99976910,8.373304
final_school_coat_cubby_113__F00,final_school_coat_cubby_113,school_coat_cubby,F00,0.44648266,-0.214893
final_school_coat_cubby_113__F01,final_school_coat_cubby_113,school_coat_cubby,F01,0.98762111,4.379306
final_school_coat_cubby_113__F10,final_school_coat_cubby_113,school_coat_cubby,F10,0.99930050,7.264440
final_school_coat_cubby_113__F11,final_school_coat_cubby_113,school_coat_cubby,F11,0.99913521,7.052156
final_school_coat_cubby_114__F00,final_school_coat_cubby_114,school_coat_cubby,F00,0.43039760,-0.280229
final_school_coat_cubby_114__F01,final_school_coat_cubby_114,school_coat_cubby,F01,0.99077587,4.676665
final_school_coat_cubby_114__F10,final_school_coat_cubby_114,school_coat_cubby,F10,0.99965662,7.976337
final_school_coat_cubby_114__F11,final_school_coat_cubby_114,school_coat_cubby,F11,0.99935763,7.349702
final_school_coat_cubby_115__F00,final_school_coat_cubby_115,school_coat_cubby,F00,0.50906847,0.036278
final_school_coat_cubby_115__F01,final_school_coat_cubby_115,school_coat_cubby,F01,0.98889949,4.489601
final_school_coat_cubby_115__F10,final_school_coat_cubby_115,school_coat_cubby,F10,0.99925474,7.201030
final_school_coat_cubby_115__F11,final_school_coat_cubby_115,school_coat_cubby,F11,0.99917897,7.104133
final_school_coat_cubby_116__F00,final_school_coat_cubby_116,school_coat_cubby,F00,0.41185343,-0.356309
final_school_coat_cubby_116__F01,final_school_coat_cubby_116,school_coat_cubby,F01,0.99212771,4.836502
final_school_coat_cubby_116__F10,final_school_coat_cubby_116,school_coat_cubby,F10,0.99977039,8.378916
final_school_coat_cubby_116__F11,final_school_coat_cubby_116,school_coat_cubby,F11,0.99954546,7.695760
final_school_coat_cubby_117__F00,final_school_coat_cubby_117,school_coat_cubby,F00,0.61137831,0.453110
final_school_coat_cubby_117__F01,final_school_coat_cubby_117,school_coat_cubby,F01,0.97415053,3.629276
final_school_coat_cubby_117__F10,final_school_coat_cubby_117,school_coat_cubby,F10,0.99838421,6.426314
final_school_coat_cubby_117__F11,final_school_coat_cubby_117,school_coat_cubby,F11,0.99608413,5.538793
final_school_coat_cubby_118__F00,final_school_coat_cubby_118,school_coat_cubby,F00,0.63214937,0.541449
final_school_coat_cubby_118__F01,final_school_coat_cubby_118,school_coat_cubby,F01,0.99639187,5.620951
final_school_coat_cubby_118__F10,final_school_coat_cubby_118,school_coat_cubby,F10,0.99996670,10.310015
final_school_coat_cubby_118__F11,final_school_coat_cubby_118,school_coat_cubby,F11,0.99988921,9.107727
final_school_coat_cubby_119__F00,final_school_coat_cubby_119,school_coat_cubby,F00,0.26603206,-1.014849
final_school_coat_cubby_119__F01,final_school_coat_cubby_119,school_coat_cubby,F01,0.94394570,2.823748
final_school_coat_cubby_119__F10,final_school_coat_cubby_119,school_coat_cubby,F10,0.99563897,5.430677
final_school_coat_cubby_119__F11,final_school_coat_cubby_119,school_coat_cubby,F11,0.99382396,5.080884
